Precinct,Number,A_MIP,B_PRES,C_HOUSE,D_SENATE,E_BIDEN,F_PID,G_DECIDE,H_ECON1,I_ECON2,J_ABOR,K_GUN,L_HARRIS_LEADS,L_HARRIS_CARES,M_TRUMP_LEADS,M_TRUMP_CARES,N_WHITE,N_BLACK,N_AMERIND,N_ASIAN,N_LATINO,N_OTHER,O_EDU,P_ATTEND,Q_AGE,R_FOLLOW,S_UKRAINE,T_ISRAEL,U_JOURNALISTS,U_POLICE,U_SCIENTISTS,U_RELIG,V_CONFIDENT,W_DEMOCRACY,X_INCOME,Y_GENDER,Z_REPRESENT
AVP5,1,7,1,1,2,4,3,1,2,2,2,4,1,2,4,4,1,0,0,0,0,0,5,2,5,4,4,2.5,4,2,2,2,1,1,3,2,7
AVP5,2,1,1,1,2,4,4,3,3,4,2,2,1,1,4,3,1,0,0,0,0,0,4,3,3,3,4,4,4,2,2,2,2,4,5,1,
AVP5,3,1,1,1,2,4,5,5,4,4,1,4,1,1,4,4,1,0,0,0,0,0,2,2,6,4,2,2,3,,,1,2,3,2,2,6
AVP5,4,8,2,2,1,3,4,4,2,3,3,2,2,1,1,1,1,0,0,0,0,0,5,5,4,2,2,3,2,2,2,2,1,2,5,2,7
AVP5,5,1,1,1,2,4,5,3,3,4,3,2,1,2,4,4,1,0,0,0,0,0,4,4,4,2,1,1,3,1,2,2,2,2,5,1,6
AVP5,6,1,2,2,1,2,3,3,2,2,3,1,4,4,3,1,1,0,0,0,0,0,5,5,4,3,,,3,2,2,2,1,2,5,1,2
AVP5,7,1,2,2,1,2,3,3,2,3,2,2,3,3,1,1,1,0,0,0,0,0,2,1,5,3,2,4,2,2,2,2,1,3,5,2,2
AVP5,8,1,1,1,2,4,4,5,4,4,3,4,1,1,4,4,1,0,0,0,0,0,5,2,2,4,3,3,5,2,3,2,2,4,4,1,6
AVP5,9,7,2,1,2,2,4,1,2,3,3,2,2,2,3,1,1,0,0,0,0,0,4,5,2,3,2,2,4,2,3,3,1,1,5,2,8
AVP5,10,7,1,1,2,4,3,3,3,3,,,1,1,4,4,1,0,0,0,0,0,5,4,4,3,4,2,5,2,3,2,3,1,5,2,6
AVP5,11,,2,2,1,1,1,5,2,2,1,1,4,4,1,1,1,0,0,0,0,0,4,1,3,2,2,4,3,3,2,4,1,3,5,1,2
AVP5,12,7,1,1,2,4,4,5,4,4,3,4,1,1,4,3,1,0,0,0,0,0,3,3,3,2,3,3,4,2,2,2,2,4,4,1,6
AVP5,13,3,2,2,1,1,1,3,2,2,1,1,4,4,1,1,1,0,0,0,0,0,5,3,4,3,2,4,3,2,2,2,1,3,5,1,2
AVP5,14,1,1,1,2,4,4,2,3,4,3,4,2,2,3,3,1,0,0,0,0,0,4,2,3,2,4,2,3,2,2,3,1,1,5,2,9
AVP5,15,,2,2,1,2,2,5,1,1,1,1,4,4,1,1,1,0,0,0,0,0,1,1,2,4,1,2,4,4,2,5,1,4,2,1,2
AVP5,16,,2,2,1,2,1,5,2,2,1,1,4,4,1,1,1,0,0,0,0,0,5,1,2,3,1,2.5,2,2,2,3,1,2,5,2,
AVP5,17,9,2,2,1,2,1,4,2,2,2,1,4,4,1,1,1,0,0,0,0,0,5,1,3,3,1,,2,2,2,5,1,4,5,2,2
AVP5,18,3,2,2,1,2,1,3,2,2,2,1,3,4,2,1,1,0,0,0,0,0,5,2,3,3,2,3,2,2,2,2,1,3,5,1,2
AVP5,19,1,1,1,2,4,5,5,4,4,3,3,1,1,4,4,1,0,0,0,0,0,1,4,6,,1,2,5,1,4,3,1,2,,,6
AVP5,20,3,2,2,1,1,1,4,1,2,1,1,4,4,1,1,1,0,0,0,0,0,5,2,4,3,1,4,2,4,1,4,1,2,5,1,2
AVP5,21,8,2,2,1,2,3,3,2,3,2,1,3,3,3,1,1,0,0,0,0,0,4,4,4,2,,,2,2,2,2,1,3,5,1,
AVP5,22,8,2,2,1,2,1,5,1,3,1,1,4,4,1,1,1,0,0,0,0,0,2,1,4,4,2,4,2,2,1,4,1,3,5,1,2
AVP5,23,1,1,1,2,4,4,5,3,4,2,4,1,2,3,3,1,0,0,0,0,0,3,5,3,3,4,2,4,2,3,3,2,3,5,2,6
SAVP5,1,3,2,2,1,2,2,2,3,3,1,1,3,2,1,1,0,1,0,0,0,0,4,3,1,3,3,4,2,5,2,4,2,2,4,1,2
SAVP5,2,2,2,2,1,2,2,3,2,2,1,2,4,4,2,2,1,1,0,0,0,0,5,1,3,2,2,2,,,,,,,5,,2
SAVP5,3,1,2,2,1,2,1,4,2,3,1,2,3,4,2,1,1,0,0,0,0,0,5,2,3,2,2,3,,,,,1,1,5,2,2
SAVP5,4,,1,1,2,4,3,4,4,4,2,3,1,1,4,4,1,0,0,0,0,0,5,2,4,3,3,2,5,2,3,2,2,2,5,2,6
SAVP5,5,7,1,1,2,4,4,3,2,2,2,1,1,1,2,4,1,0,0,0,0,0,5,2,5,2,3,3,4,2,3,2,2,1,5,1,6
SAVP5,6,3,3,1,3,2,4,3,2,2,3,1,2,2,1,1,1,0,0,0,0,0,4,5,3,2,2,3,2,2,2,2,1,1,5,1,7
SAVP5,7,1,3,1,1,4,4,2,3,2,1,2,,,,,1,0,0,0,0,0,4,1,3,1,1,2,4,3,2,4,1,1,5,1,7
SAVP5,8,3,2,2,1,2,1,3,,,1,1,4,4,2,1,1,0,0,0,0,0,4,1,1,2,3,5,3,3,2,4,1,3,2,1,3
SAVP5,9,1,2,2,1,3,2,3,3,3,2,1,2,3,1,1,1,0,0,0,0,0,4,2,3,2,3,3,2,2,2,2,1,2,5,1,3
SAVP5,10,1,1,1,1,4,4,3,2,2,2,2,4,4,4,4,,,,,,,,,,,,,,,,,,,,,
SAVP5,11,,1,1,2,4,4,5,4,3,2,4,2,2,2,2,,,,,,,,,,,,,,,,,,,,,
SAVP5,12,,1,3,,4,5,5,4,4,3,4,1,1,4,3,1,0,0,0,0,0,2.5,2,5,3,4,4,5,2,2,4,2,4,5,2,6
SAVP5,13,1,2,2,1,3,3,3,4,3,2,2,2,2,1,1,1,0,0,0,0,0,2,1,3,2,2,3,3,2,1,5,1,2,5,,2
SAVP5,14,8,2,2,1,2,2,3,2,2,2,1,4,4,1,1,,,,,,,,,,,,,,,,,,,,,
SAVP5,15,8,2,2,1,2,1,5,2,2,2,1,4,4,1,1,,,,,,,,,,,,,,,,,,,,,
SAVP5,16,6,2,2,1,2,1,5,2,2,1,2,4,4,1,1,1,0,0,0,0,0,1,4,4,2,2,,1,1,1,1,2,2,2,1,2
SAVP5,17,8,2,2,1,2,4,5,2,1,2,1,2,4,1,1,1,0,0,0,0,0,5,3,4,3,2,3,2,2,1,2,1,3,5,1,2
SAVP5,18,2,2,2,1,3,2,3,2,2,1,1,4,4,4,1,1,0,0,0,0,0,4,1,1,2,3,3,4,3,2,4,1,2,4,2,2
SAVP5,19,1,1,1,1,4,5,2,3,4,2,2,1,1,4,4,1,0,0,0,0,0,4,2,5,3,2,1,4,2,2,3,2,1,5,1,6
SAVP5,20,,2,2,1,2,2,4,3,3,1,1,4,4,2,1,1,0,0,0,0,0,5,1,2,3,3,3,4,2,1,4,1,1,5,1,1
SAVP5,21,2,2,2,1,1,1,1,2,2,,1,4,4,4,4,0,1,0,0,0,0,1,2,6,1,1,1,,,,1,1,1,2,,
SAVP5,22,1,1,1,2,4,5,5,4,4,4,4,1,1,4,4,,,,,,,3,5,,3,4,1,5,3,3,3,2,4,4,,6
SAVP5,23,,2,2,1,2,2,2,2,2,1,1,4,4,1,1,1,0,0,0,0,0,1,3,5,4,2,2,2,1,1,2,1,1,3,2,2
SAVP5,24,4,2,2,1,2,3,3,1,1,1,1,4,4,1,1,1,0,0,0,0,0,2,1,2,4,2,4,2,2,2,4,1,2,3,2,2
SAVP5,25,1,2,2,1,1,2,3,2,3,1,1,4,4,1,1,1,0,0,0,0,0,3,2,,3,2,2,3,1,1,5,1,2,5,1,2
SAVP5,26,3,2,2,1,1,2,3,2,3,1,2,4,4,1,1,1,0,0,0,0,0,5,2,3,2,2,2,3,2,2,4,2,2,5,2,2
SAVP5,27,1,2,2,1,1,2,3,2,2,4,2,4,4,4,4,1,0,0,0,0,0,4,4,5,2,2,2,5,1,1,4,1,1,1,2,2
SAVP5,28,1,1,1,2,4,5,5,4,4,3,2,1,1,4,4,1,0,0,0,0,1,4,2,3,4,3,4,5,1,3,2,4,3,5,2,8
SAVP5,29,3,2,2,1,2,1,5,2,2,1,1,4,4,1,1,1,0,0,0,0,0,2,2,4,3,3,3,3,2,1,4,1,3,5,2,2
SAVP5,30,1,1,1,2,4,4,3,3,4,3,2,1,1,4,4,1,0,0,0,0,0,4,4,2,4,3,2,4,2,3,2,1,1,4,2,8
SAVP5,31,1,1,1,2,4,5,5,3,4,3,4,1,1,4,4,1,0,0,0,0,0,5,4,4,4,4,3,5,3,3,2,2,1,5,1,6
SAVP5,32,8,2,2,1,2,3,3,1,1,1,1,4,4,1,1,1,0,0,0,0,0,5,2,4,3,2,3,3,2,1,4,1,3,5,1,2
SAVP5,33,1,2,2,1,3,4,1,2,2,1,1,4,4,3,1,1,0,0,0,0,0,5,2,3,2,2,2,2,2,1,2,1,2,5,2,9
SAVP5,34,1,,,,2,4,3,3,4,2,1,2,2,3,2,,,,,,,,,,,,,,,,,,,,,
SAVP5,35,,1,2,1,3,4,3,2,4,2,2,1,2,4,2,1,0,0,0,0,0,3,1,5,3,4,3,4,2,2,2,1,1,5,2,7
SAVP5,36,1,1,1,2,4,5,3,3,4,3,4,1,1,4,4,1,0,0,0,0,0,5,3,4,4,4,4,5,2,4,4,2,,5,2,9
SAVP5,37,1,1,2,1,3,5,3,2,3,1,3,1,1,3,2,1,0,0,0,0,0,4,2,4,2,4,3,4,2,3,3,2,3,5,2,9
SAVP5,38,1,1,1,2,4,5,5,3,3,3,4,1,1,4,4,1,0,0,0,0,0,5,1,4,4,4,2,5,2,4,3,2,2,5,1,6
SAVP5,39,2,2,2,1,1,2,3,2,2,2,1,4,4,1,1,1,0,0,0,0,0,4,3,2,2,2,2,3,1,2,2,1,1,5,2,2
SAVP5,40,,2,2,1,2,2,5,2,2,2,1,4,4,1,1,3,0,0,0,0,0,2,5,5,2,2,4,4,4,4,4,3,2,4,,2
SAVP5,41,3,2,2,1,3,1,3,2,3,1,1,4,4,1,1,1,0,0,0,0,0,5,1,1,4,2,4,2,5,2,5,1,4,3,1,3
SAVP5,42,1,1,1,2,3,4,3,3,4,3,2,1,1,3,4,,,,,,,,,,,,,,,,,,,,,
SAVP5,43,3,2,2,1,3,1,3,2,2,1,2,4,4,1,1,1,0,0,0,0,0,5,1,3,4,1,1,2,4,2,5,2,3,4,2,2
SAVP5,44,1,2,2,1,2,2,3,2,2,2,2,3,3,2,1,1,0,0,0,0,0,4,2,4,2,2,2,2,2,2,2,2,2,5,1,2
SAVP5,45,,1,1,2,4,3,3,4,4,2,3,1,1,4,3,1,0,0,0,0,0,4,4,5,1,4,4,5,2,2,1,2,4,5,2,5
SAVP5,46,4,1,1,2,4,4,4,3,3,1,2,1,1,4,4,1,0,0,0,0,0,4,2,1,2,3,2,2,1,1,1,2,3,3,1,5
SAVP5,47,,1,1,2,4,4,5,4,4,1,3,1,1,4,4,1,0,0,0,0,0,5,2,1,3,4,4,4,2,1,,1,3,4,1,5
SAVP5,48,1,1,1,2,4,4,3,2,3,3,2,1,2,3,3,1,0,0,0,0,0,5,2,2,3,2,4,2,2,2,1,2,5,1,2,
SAVP5,49,7,1,1,2,4,5,5,3,2,2,3,1,1,3,2,1,0,0,0,0,0,4,2,4,3,1,1,3,2,2,2,2,1,5,1,6
SAVP5,50,3,2,2,1,2,2,5,3,1,1,2,2,1,1,1,0,0,0,0,0,0,5,1,3,4,2,4,2,2,2,2,1,5,2,2,2
SAVP5,51,9,2,2,1,2,3,4,2,2,1,1,3,4,1,1,1,0,0,0,0,0,2,1,2,2,2,4,3,3,2,4,2,3,5,1,3
SAVP5,52,1,2,1,1,2,4,2,3,3,2,1,4,3,1,2,,,,,,,,,,,,,,,,,,,,,
SAVP5,53,3,2,2,1,2,3,3,2,2,1,1,4,4,1,1,1,0,0,0,0,0,4,2,2,3,2,3,2,2,1,4,1,2,5,2,4
SAVP5,54,3,2,2,1,2,1,4,2,3,1,1,4,4,1,1,1,0,0,0,0,0,4,1,1,5,4,5,3,2,2,4,1,5,4,2,5
SAVP5,55,7,2,1,1,4,5,1,3,2,3,1,2,2,1,2,1,0,0,0,0,0,2,2,1,5,5,5,4,2,2,4,2,2,5,2,2
SAVP5,56,1,2,1,1,3,3,1,2,4,2,1,2,3,3,1,1,0,0,0,0,0,5,1,3,3,4,3,5,2,2,3,1,3,4,1,9
SAVP5,57,6,2,1,1,4,5,1,3,4,1,1,2,1,1,1,1,0,0,0,0,0,5,2,4,2,4,4,4,1,1,4,1,2,5,2,8
SAVP5,58,2,2,2,1,1,1,2,1,2,1,1,1,,1,1,1,0,0,0,0,0,1,2,6,3,1,1,,1,1,1,1,1,2,,
SAVP5,59,1,1,1,2,4,5,3,3,4,2,4,1,1,5,5,1,0,0,0,0,0,4,2,4,4,4,2,4,2,3,1,2,1,5,2,5
SAVP5,60,7,1,1,3,3,3,3,2,2,3,4,1,1,1,1,1,0,0,0,0,0,5,4,2,3,2,4,1,3,3,2,1,5,1,2,
NMT,1,,2,2,1,1,1,3,1,1,2,1,4,4,1,1,1,0,0,0,0,0,5,2,3,2,2,4,2,2,1,4,1,2,5,2,3
NMT,2,4,2,2,1,1,2,3,2,2,1,1,3,4,1,1,1,0,0,0,0,0,4,2,1,4,1,1,2,4,1,5,1,2,2,1,3
NMT,3,,1,1,2,4,5,5,4,4,3,4,1,1,4,4,1,0,0,0,0,0,4,2,5,4,4,1,5,2,4,4,4,4,5,,6
NMT,4,2,2,2,1,2,2,4,2,1,1,1,4,4,1,1,1,0,0,0,0,0,4,2,3,2,2,2,2,2,1,2,1,2,5,2,2
NMT,5,7,1,1,2,4,3,4,4,4,4,4,1,1,4,4,0,0,0,0,0,1,5,5,3,2,4,2,4,2,2,3,2,2,5,2,9
NMT,6,2,2,2,1,2,3,4,1,2,2,1,1,1,1,1,0,1,0,0,0,0,5,3,5,5,1,,3,5,3,3,2,4,5,2,2
NMT,7,,3,2,1,2,2,1,2,2,3,3,1,2,1,1,1,0,0,0,0,0,3,4,4,4,1,1,3,2,2,2,1,1,5,1,9
NMT,8,,1,1,2,4,5,5,4,4,3,4,1,1,4,4,1,0,0,0,0,0,4,2,4,3,4,1,5,2,4,3,3,3,5,2,6
NMT,9,,1,1,2,3,4,4,3,3,,4,1,1,4,4,1,0,0,0,0,0,2,5,3,2,4,4,5,2,2,2,2,2,5,1,6
NMT,10,,1,1,2,4,4,5,4,4,2,4,1,1,4,4,1,0,1,0,0,0,1,1,2,1,4,4,4,2,3,5,3,3,5,1,6
NMT,11,9,1,1,2,4,3,4,2,3,2,4,1,1,3,3,0,0,0,0,0,1,5,2,4,2,3,1,5,2,2,4,1,2,5,2,7
NMT,12,2,2,2,1,1,1,5,2,2,1,1,4,4,1,1,1,0,0,0,0,0,5,1,3,4,1,3,2,4,2,4,1,3,5,2,2
NMT,13,1,2,2,1,2,3,1,1,3,1,4,4,1,1,1,0,0,0,0,0,0,1,1,5,3,1,1,1,1,1,2,1,3,3,1,2
NMT,14,,2,2,1,1,4,5,1,1,1,1,1,1,4,1,1,0,0,0,0,0,3,2,4,5,1,2,2,2,1,4,1,4,4,2,2
NMT,15,1,1,1,2,4,4,5,3,4,2,4,1,1,4,4,1,0,0,0,0,0,4,1,1,4,3,1,3,2,3,5,2,2,2,1,6
NMT,16,8,2,2,1,2,1,4,1,2,1,1,4,4,1,1,,,,,,,,,,,,,,,,,,,,,
NMT,17,2,2,2,1,2,3,2,2,,2,1,2,2,1,1,1,0,0,0,0,0,2,3,4,3,3,3,4,2,2,3,1,2,5,2,2
NMT,18,2,2,2,1,1,1,5,1,1,1,1,4,4,1,1,0,0,1,0,0,0,2,4,5,5,1,1,2,1,1,1,1,2,5,2,2
NMT,19,1,1,1,2,4,5,4,2,4,3,4,1,1,4,4,1,0,0,0,0,0,4,4,2,5,3,1,5,2,4,4,2,4,5,1,8
SLT,1,7,1,1,2,4,3,3,4,4,2,3,1,2,4,3,1,0,0,0,0,0,5,2,2,4,4,3,4,2,2,2,3,3,5,2,4
SLT,2,7,1,1,2,4,5,1,4,4,4,2,1,2,4,2,1,0,0,0,0,0,2,5,,2,4,2,3,2,2,2,2,2,2,2,6
SLT,3,1,2,2,1,3,2,3,2,3,2,2,3,3,2,1,1,0,0,0,0,0,4,2,1,2,3,3,3,2,2,3,1,2,4,1,
SLT,4,1,1,1,1,2,4,2,2,2,3,2,1,2,1,1,1,0,0,0,0,0,4,4,5,2,4,4,4,2,2,2,1,2,4,1,
SLT,5,2,1,1,2,4,5,3,4,4,4,2,1,1,3,3,1,0,0,0,0,0,4,4,2,4,2,2,4,2,4,2,2,3,5,2,6
SLT,6,7,1,,,4,4,4,4,4,1,3,1,1,4,4,1,0,0,0,0,0,2,4,2,2,4,4,4,4,4,4,3,4,5,2,6
SLT,7,2,1,1,2,4,3,5,4,4,2,2,1,1,4,3,1,0,0,0,0,0,1,2,3,2,,2,5,3,3,1,3,3,,2,6
SLT,8,1,1,2,2,3,2,1,,4,3,3,2,3,3,3,1,0,0,0,0,0,4,4,,2,2,,2,1,2,2,1,2,5,,6
SLT,9,8,1,1,3,4,4,3,4,4,3,4,1,1,4,4,1,0,0,0,0,0,3,4,3,4,4,4,5,2,4,4,3,4,5,1,6
SLT,10,3,2,2,1,2,2,3,1,1,1,1,3,3,1,1,1,0,0,0,0,0,3,1,2,4,2,4,3,3,2,5,1,3,5,1,3
SLT,11,3,1,1,2,4,5,5,4,4,1,3,,4,3,,1,0,0,0,0,0,1,5,1,2,3,3,,,,,2,2,1,1,6
SLT,12,1,3,1,2,4,2,2,4,4,2,2,1,1,1,1,1,0,0,0,0,0,2,2,1,2,3,4,4,3,2,3,2,2,3,1,
SLT,13,1,1,1,2,4,5,5,3,3,4,4,1,1,4,4,1,0,0,0,0,0,4,5,4,3,4,,5,2,2,2,2,2,5,2,6
SLT,14,7,,,,4,3,2,3,3,3,4,1,1,2,1,0,1,0,0,0,0,4,2,6,2,3,3,4,2,3,3,2,4,,,9
SLT,15,,1,1,2,4,4,3,4,4,3,2,1,1,4,4,,,,,,,,,5,3,,,3,2,3,3,2,3,,,8
SLT,16,1,1,1,2,4,4,5,2,2,3,4,1,1,4,2,1,0,0,0,0,0,4,2,5,2,3,3,5,2,2,2,1,2,5,1,8
SLT,17,1,1,1,2,4,3,3,3,3,3,2,1,1,3,3,1,0,0,0,0,0,4,4,3,2,2,2,4,2,2,2,1,1,5,1,7
SLT,18,5,2,2,1,2,2,4,2,2,1,2,4,4,1,1,1,0,0,0,0,0,4,1,4,3,1,4,3,2,1,5,1,3,5,2,2
SLT,19,8,2,2,1,2,1,5,2,2,2,1,1,4,4,1,1,1,0,0,0,0,2,1,1,4,2,3,3,4,2,5,1,3,5,2,2
SLT,20,3,2,2,1,3,3,3,2,2,1,1,2,3,1,1,1,0,0,0,0,0,4,1,3,3,1,1,2,2,2,4,1,3,5,1,7
SLT,21,,2,2,1,2,3,3,2,1,2,1,3,3,1,1,1,0,0,0,0,0,5,3,2,3,,,3,2,2,2,1,3,5,2,9
SLT,22,8,2,2,1,1,1,5,2,1,2,1,4,3,1,1,1,0,0,0,0,0,5,2,4,3,1,2,2,4,2,4,1,1,5,1,2
SLT,23,1,1,1,2,4,5,3,4,4,3,3,1,1,3,3,1,0,0,0,0,0,5,3,1,4,3,3,5,1,2,2,1,2,5,2,6
SLT,24,2,2,2,1,2,3,3,1,1,3,1,4,3,1,1,1,0,0,0,0,0,5,4,4,2,2,2,4,3,2,3,2,3,5,2,2
SLT,25,,1,1,2,4,3,1,4,3,1,4,1,1,2,4,1,0,0,0,0,0,4,2,1,1,4,4,3,3,3,3,2,2,5,1,9
SLT,26,7,1,1,2,4,5,5,4,4,3,4,1,1,4,4,1,0,0,0,0,0,4,5,4,2,2,,5,1,3,1,3,4,4,2,7
SLT,27,2,3,2,3,3,3,2,3,3,4,3,2,1,2,1,1,0,0,0,0,0,5,5,5,2,1,2,4,2,4,2,2,2,5,2,7
SLT,28,5,2,2,1,2,2,3,2,2,2,2,3,3,1,1,1,0,0,0,0,0,4,1,3,3,2,3,2,2,2,5,2,3,4,1,5
SLT,29,7,1,1,2,4,4,5,1,4,4,4,1,1,4,4,1,0,0,0,0,0,5,5,3,3,4,3,5,2,4,2,4,2,2,1,8
SLT,30,1,1,2,2,4,4,4,3,4,3,4,1,1,3,3,1,0,0,0,0,0,4,4,4,3,3,2,4,2,3,4,2,3,5,2,8
SLT,31,2,2,2,1,2,1,3,2,1,1,1,4,4,1,1,1,0,0,0,0,0,4,4,4,2,4,4,3,3,1,4,1,3,1,2,2
SLT,32,9,1,1,2,4,4,5,4,4,3,4,1,1,1,0,0,0,0,0,0,0,3,2,2,2,4,4,5,3,3,3,2,3,5,1,6
SLT,33,7,1,1,2,4,5,5,4,4,3,1,1,1,4,4,1,0,0,0,0,0,4,2,1,2,,,4,1,4,1,3,,3,2,6
SLT,34,2,2,2,1,1,3,4,2,2,1,1,3,3,1,1,1,0,0,0,0,0,2,1,5,2,2,4,1,2,1,3,1,3,3,2,4
SLT,35,,2,1,1,3,4,2,3,4,1,2,1,3,2,2,1,0,0,0,0,0,4,2,3,2,4,4,4,2,2,4,1,2,5,2,7
SLT,36,2,1,2,1,3,2,2,4,3,1,1,1,1,4,1,1,0,0,0,0,0,4,2,5,1,2,1,2,4,2,2,2,3,5,2,6
SLT,37,5,2,2,1,2,2,3,1,1,3,2,4,4,1,1,1,0,0,0,0,0,5,1,3,2,2,2,2,2,2,2,1,4,5,2,
SLT,38,1,2,1,1,3,4,1,3,3,2,1,1,2,2,1,1,0,0,0,0,0,5,2,5,4,3,3,3,2,2,3,1,3,5,2,6
SLT,39,1,1,1,2,4,,4,3,4,4,4,1,1,4,4,1,0,0,0,0,0,2,5,3,4,4,2.5,4,2,3,3,3,4,5,1,6
SLT,40,1,1,1,2,4,4,4,4,4,3,2,1,1,4,4,1,0,0,0,0,0,5,5,3,4,3,3,5,2,2,2,2,3,5,2,6
SLT,41,1,1,1,2,4,4,5,4,4,3,2,2,2,4,4,1,0,0,0,0,0,2,4,1,3,4,1,4,2,2,2,2,2,1,2,6
SLT,42,7,1,1,1,3,4,3,2,3,3,4,2,2,3,1,1,0,0,0,0,0,3,4,5,1,2,2,4,2,2,2,1,1,5,1,9
SLT,43,8,2,2,1,2,3,5,2,1,2,1,3,4,1,1,1,0,1,0,0,0,4,2,3,4,2,3,4,4,2,4,1,4,5,,2
SLT,44,1,2,1,2,3,5,2,2,2,1,1,3,1,1,2,1,0,0,0,0,0,5,2,5,4,4,2,2,1,1,2,1,2,5,1,7
SLT,45,9,3,1,1,3,4,1,3,4,4,3,2,2,3,1,1,0,0,0,0,0,4,4,5,3,1,1,4,2,2,2,1,2,5,1,7
SLT,46,1,1,1,2,4,4,3,4,3,3,3,1,1,4,4,1,0,0,0,0,0,2,3,2,2,4,4,4,2,2,2,1,2,5,2,9
SLT,47,5,2,2,1,2,1,3,2,1,2,1,3,4,1,1,1,0,0,0,0,0,2,1,1,2,1,4,2,2,2,4,1,3,2,1,2
SLT,48,1,1,1,2,4,4,3,4,4,3,2,1,1,2,3,1,0,0,0,0,0,5,2,3,2,3,2,5,2,2,3,1,2,5,2,9
SLT,49,1,1,1,2,4,5,3,3,4,3,3,1,1,3,3,1,0,0,0,0,0,4,4,3,1,4,2,4,2,2,2,2,3,5,2,8
SLT,50,2,1,1,2,4,4,3,4,4,3,4,1,2,4,2,1,0,0,0,0,0,2,5,1,3,3,2,4,2,3,2,1,3,1,1,6
SLT,51,8,1,1,2,4,5,5,3,3,4,4,1,2,4,4,1,0,0,0,0,0,4,4,4,3,2,1,5,2,2,2,1,2,5,1,6
SLT,52,8,1,1,2,4,5,5,3,4,3,4,1,1,4,4,1,0,0,0,0,0,3,4,4,3,4,2,5,2,4,2,3,3,5,1,6
SLT,53,1,1,1,2,4,5,5,2,4,3,4,1,1,4,3,1,0,0,0,0,0,4,4,3,3,4,2,4,2,2,2,1,2,5,1,6
SLT,54,7,1,1,2,4,5,4,4,4,3,4,1,1,4,4,1,0,0,0,0,0,4,3,6,3,2,4,5,2,4,4,2,4,5,1,6
SLT,55,7,1,1,2,4,4,2,3,3,3,4,1,1,4,3,1,0,0,0,0,0,5,4,4,3,2,1,4,2,2,2,1,1,5,1,6
SLT,56,8,1,2,1,2.5,3,1,,2,3,3,,,,1,,,,,,,,,,,,,,,,,,,,,
SLT,57,1,,2,1,4,4,5,4,4,3,2,,3,4,3,,,,,,,,,,,,,,,,,,,,,
SLT,58,,1,1,3,4,4,3,3,4,1,2,1,1,4,2,1,0,0,0,0,0,4,3,4,3,4,2,4,2,2,2,1,2,5,2,7
Lake P7,1,,1,2,1,3,4,5,1,3,1,2,1,2,3,3,1,0,0,0,0,0,1,1,4,1,4,4,2,2,2,4,2,1,3,1,5
Lake P7,2,1,1,1,1,4,5,3,4,4,1,4,1,1,4,4,1,0,0,0,0,0,2,2,4,4,3,3,5,1,2,4,2,4,4,2,5
Lake P7,3,1,1,1,2,1,5,3,2,4,3,2,1,1,4,4,1,0,0,0,0,0,4,3,3,4,4,2,5,1,3,1,2,3,5,2,5
Lake P7,4,2,2,2,1,3,3,2,4,4,1,1,4,4,3,1,1,0,0,0,0,0,2,2,5,2,3,4,2,2,2,2,1,3,5,1,2
Lake P7,5,,2,2,1,1,1,3,1,1,1,1,4,4,1,1,1,0,0,0,0,0,5,2,4,3,2,4,1,3,1,3,1,4,5,,2
Lake P7,6,7,1,1,2,4,4,3,4,4,3,4,1,1,4,4,1,0,0,0,0,0,1,1,1,3,4,4,1,,2,2,2,2,5,1,5
Lake P7,7,2,2,2,1,2,1,5,2,2,1,1,4,4,1,1,1,0,0,0,0,0,2,1,6,5,2,2,2,1,2,2,1,2,2,,2
Lake P7,8,3,2,2,1,1,2,5,1,1,2,1,4,4,1,1,1,0,0,0,0,0,4,2,,4,2,3,3,3,2,5,1,3,5,,2
Lake P7,9,,2,2,1,1,1,5,2,2,2,1,4,4,1,1,1,0,0,0,0,0,4,1,5,5,1,2,3,4,2,5,1,4,5,1,2
Lake P7,10,3,2,2,1,1,1,5,1,1,2,2,4,4,1,1,1,0,0,0,0,0,2,2,4,4,1,3,4,5,2,4,1,3,3,1,2
Lake P7,11,1,1,1,2,4,5,5,4,4,2,4,1,1,4,4,,,,,,,,,,,,,,,,,,,,,
Lake P7,12,,1,1,2,4,5,5,4,4,3,4,1,1,4,4,1,0,0,0,0,0,3,2,3,3,4,4,4,4,4,3,2,2,4,3,5
Lake P7,13,1,1,1,2,4,3,2,3,4,1,4,1,1,4,1,1,0,0,0,0,0,5,2,3,3,4,4,5,3,3,5,2,4,5,2,5
Lake P7,14,4,3,3,1,4,3,4,3,3,2,2,1,1,1,1,1,0,0,0,0,0,5,2,3,2,1,3,2,2,2,2,1,2,4,1,6
Lake P7,15,,1,1,2,4,4,5,4,4,4,4,1,1,4,4,1,0,0,0,0,0,4,5,2,2,4,4,5,2,4,2,3,3,5,2,5
Lake P7,16,1,1,1,2,4,5,5,4,4,3,4,1,1,4,4,,,,,,,,,,,,,,,,,,,,,
Lake P7,17,6,1,1,2,4,5,5,4,4,3,4,1,1,4,3,1,0,0,0,0,0,1,2,5,3,4,4,5,1,3,2,2,3,5,1,5
Lake P7,18,1,1,1,2,4,5,5,3,4,3,4,1,1,4,4,1,0,0,0,0,0,4,4,1,3,4,4,5,2,3,2,1,1,5,1,5
Lake P7,19,1,2,2,1,2,2,2,2,2,2,2,4,4,1,1,,,,,,,,,,,,,,,,,,,,,
Lake P7,20,6,1,1,2,4,5,5,4,4,,1,1,1,4,4,1,0,0,0,0,0,2,4,6,5,4,1,,1,,,4,,4,,5
Lake P7,21,1,1,1,2,3,5,4,2,4,2,3,1,1,2,3,1,0,0,0,0,0,5,2,5,4,2,4,2,2,2,2,2,1,6,1,6
Lake P7,22,2,2,2,1,2,2,4,2,2,2,2,4,4,1,1,,,,,,,,,,,,,,,,,,,,,
Lake P7,23,4,3,2,1,4,3,4,3,3,1,2,3,2,1,1,,,,,,,,,,,,,,,,,,,,,
Lake P7,24,1,1,1,2,4,4,3,4,4,2,4,1,1,1,1,,,,,,,,,,,,,,,,,,,,,
Lake P7,25,8,1,1,3,4,3,2,2,4,4,4,1,1,4,1,1,0,0,0,0,0,4,3,3,3,4,4,5,1,2,2,2,4,5,1,5
Lake P7,26,3,2,2,1,1,1,3,2,2,2,1,4,4,1,2,1,0,0,0,0,0,5,2,4,4,1,4,3,3,2,4,1,4,5,2,2
Lake P7,27,7,1,1,2,4,4,4,4,4,2,3,1,1,4,4,1,0,0,0,0,0,3,2,3,4,4,1,5,2,3,2,4,4,5,,5
Lake P7,28,5,1,2,1,3,3,2,3,4,3,2,1,3,4,2,1,0,0,0,0,0,1,5,1,1,4,4,5,2,2,3,1,3,5,2,6
Lake P7,29,1,2,2,1,2,3,3,2,3,2,1,4,4,1,1,1,0,0,0,0,0,5,4,2,2,3,3,2,2,2,2,1,2,5,1,7
Lake P7,30,3,2,2,1,2,3,3,1,1,2,1,4,4,1,1,1,0,0,0,0,0,4,2,5,4,2,2,2,2,2,4,1,3,5,2,2
Lake P7,31,3,2,2,1,2,2,5,2,2,1,1,4,4,1,1,1,0,0,0,0,0,5,2,1,3,2,4,3,2,2,4,1,2,5,1,2
Lake P7,32,4,3,2,1,3,3,1,2,1,1,3,1,1,1,1,1,0,0,0,0,0,1,1,1,3,4,4,4,5,1,3,1,4,4,2,3
Lake P7,33,2,2,2,1,1,3,5,2,2,2,1,4,4,1,1,1,0,0,0,0,0,4,1,3,4,1,,4,4,4,4,1,2,5,1,5
Lake P7,34,,1,1,2,4,5,5,4,,3,,1,1,4,4,,,,,,,,,,,,,,,,,,,,,
Lake P7,35,1,1,1,2,4,5,5,4,4,3,1,,,,,,,,,,,,,,,,,,,,,,,,,
Lake P7,36,2,2,2,1,2,2,3,2,2,1,1,3,4,1,1,1,0,0,0,0,0,4,1,3,2,3,3,2,2,2,4,1,3,5,2,3
Lake P7,37,1,1,1,2,4,3,3,3,3,2,4,1,1,3,2,1,0,0,0,0,0,5,3,4,3,3,2,4,2,3,3,2,2,4,2,7
Lake P7,38,4,1,1,2,4,5,5,4,4,3,4,1,1,4,4,1,0,0,0,0,0,4,1,5,4,3,1,5,2,4,3,4,4,5,2,6
Lake P7,39,5,2,2,1,2,3,4,2,2,2,1,4,4,1,1,1,0,0,0,0,0,5,4,4,3,2,3,2,2,2,3,1,2,5,1,2
Lake P7,40,,1,1,2,4,4,3,4,4,3,4,1,1,4,2,1,0,0,0,0,0,4,5,1,2,3,3,3,2,2,3,2,4,5,2,5
Lake P7,41,1,1,2,1,3,2,2,2,4,2,3,1,4,3,2,1,0,0,0,0,0,5,1,3,2,2,1,2,2,2,4,1,2,5,1,5
Lake P7,42,8,1,1,2,4,3,5,3,4,2,4,1,1,4,4,,,,,,,,,,,,,,,,,,,,,
Lake P7,43,1,1,1,2,4,4,5,4,4,3,3,1,1,3,3,1,0,0,0,0,0,2,1,3,3,4,4,4,2,4,2,2,3,4,2,6
Lake P7,44,3,2,2,1,1,1,5,2,1,2,2,4,4,2,1,1,0,0,0,0,0,4,1,2,3,2,3,3,3,2,5,1,2,4,2,3
Lake P7,45,8,2,2,1,1,1,1,2,2,2,1,4,4,2,2,0,1,0,0,0,0,4,5,4,3,2,2,1,4,2,1,1,2,4,2,2
Lake P7,46,,2,2,1,1,2,5,1,1,1,1,4,4,1,1,,,,,,,,,,,,,,,,,,,,,
Lake P7,47,1,1,1,2,4,4,5,3,3,2,2,2,2,3,2,0,0,0,1,0,0,4,4,3,2,,,3,2,2,2,,2,,1,
Lake P7,48,1,1,1,2,4,4,5,4,4,1,3,,,,,,,,,,,,,,,,,,,,,,,,,
Lake P7,49,1,1,1,2,4,4,4,4,4,3,3,1,1,4,4,1,0,0,0,0,0,4,2,4,4,4,2,4,2,3,3,3,2,5,1,6
Lake P7,50,1,1,1,2,4,3,4,4,4,1,3,1,1,4,4,1,0,0,0,0,0,4,2,2,4,4,4,3,3,2,3,2,3,5,2,9
Lake P7,51,1,3,1,1,3,4,3,2,2,3,1,2,3,1,2,1,0,0,0,0,0,5,5,5,2,4,4,2,2,2,2,1,2,5,1,8
Lake P7,52,2,2,2,1,2,1,4,3,2,1,1,4,4,1,1,1,0,0,0,0,0,1,1,1,2,,,4,4,1,4,1,1,4,2,2
Lake P7,53,8,2,2,1,1,1,5,1,1,1,1,4,4,1,1,1,0,0,0,0,0,0,4,1,1,4,2,3,2,4,2,3,1,1,1,3
Lake P7,54,9,2,2,1,1,2,3,2,2,2,1,3,2,2,4,1,0,0,0,0,0,0,5,1,2,3,4,2,2,2,2,1,2,3,2,3
Lake P7,55,1,3,2,1,2,2,3,2,2,1,2,2,3,2,2,1,0,0,0,0,0,4,2,2,3,4,5,3,3,2,3,2,3,5,1,4
Lake P7,56,,2,2,1,2,1,3,2,3,2,2,3,4,1,1,0,1,0,,0,0,4,2,1,3,3,4,1,3,1,4,1,3,5,2,2
Lake P7,57,,1,2,1,3,4,3,3,2,2,3,2,1,3,3,0,0,0,0,1,0,1,2,1,3,4,1,3,2,5,3,1,2,2,1,6
Lake P7,58,1,2,2,1,2,1,4,1,1,1,1,4,4,1,1,0,1,0,0,0,0,2,4,3,3,4,4,5,5,1,1,1,1,5,1,2
Lake P7,59,9,2,2,1,3,2,3,3,3,2,1,3,4,1,1,1,0,0,0,0,0,5,1,2,4,2,2,3,3,1,4,2,2,5,2,2
Lake P7,60,1,2,2,1,2,1,5,2,2,2,1,4,4,2,2,1,0,0,0,0,0,4,2,4,4,2,2,2,2,2,2,1,2,5,2,2
Lake P7,61,2,2,2,1,2,1,3,2,1,1,1,4,4,1,1,1,0,0,0,0,0,4,2,2,3,1,2,3,2,2,4,1,1,5,2,2
Lake P7,62,8,2,2,1,3,3,3,2,3,2,2,4,1,1,1,5,0,0,0,0,0,2,2,2,2,2,2,3,3,3,3,2,2,5,1,2
Lake P7,63,,1,2,1,4,4,3,2,4,2,2,2,3,4,4,1,0,0,0,0,0,1,2,6,2,4,3,4,2,1,4,1,3,4,1,6
Lake P7,64,7,1,1,2,4,3,3,4,4,2,2,1,1,3,3,1,0,0,0,0,0,5,4,4,4,4,4,4,2,3,2,3,4,5,1,6
Lake P7,65,7,1,1,2,4,3,3,2,4,2,1,1,3,4,4,1,0,0,0,0,0,4,4,4,2,3,1,5,2,2,4,3,2,5,1,5
Lake P7,66,1,2,2,1,2,2,3,3,2,2,1,2,2,4,4,1,0,0,0,0,0,3,2,2,3,3,3,3,2,2,2,1,2,5,2,2
Lake P7,67,7,1,1,1,4,3,3,4,4,2,4,1,1,4,4,1,0,0,0,0,0,2,2,4,3,1,1,4,1,1,4,1,2,5,1,6
Lake P7,68,1,1,1,2,3,4,3,3,3,4,2,2,2,4,3,1,0,0,0,0,0,4,3,1,2,3,2,3,2,2,2,2,2,4,2,6
Lake P7,69,8,2,2,1,2,2,4,2,2,1,1,4,3,3,1,1,0,0,0,0,0,5,4,3,3,3,4,3,3,2,3,1,2,5,2,5
Lake P7,70,3,2,2,1,2,2,5,2,3,2,1,3,3,1,1,1,0,0,0,0,0,4,3,4,3,2,4,2,2,2,2,2,3,5,2,2
Lake P7,71,8,2,2,1,1,3,3,1,2,2,1,3,3,1,1,1,0,0,0,0,0,4,2,5,,2,3,2,2,2,4,1,3,5,1,2
Lake P7,72,1,2,1,1,4,4,1,2,3,2,2,2,2,2,2,1,0,0,0,0,0,4,4,5,4,1,1,3,2,2,2,1,1,5,,6
Lake P7,73,3,2,2,1,1,1,5,2,2,1,1,3,4,1,1,1,0,0,0,0,0,5,1,3,1,3,3,3,3,2,1,1,5,,2,
Lake P7,74,1,1,1,2,4,4,3,3,4,3,4,1,1,4,1,1,0,0,0,0,0,4,1,4,4,2,1,5,2,4,4,4,4,5,1,7
Lake P8,75,7,2,2,1,1,3,5,3,2,1,1,4,4,1,1,1,0,0,0,0,0,4,2,3,3,2,2,5,5,1,5,1,1,5,1,2
AV10,1,4,2,2,1,2,3,2,2,2,3,2,2,2,1,1,1,0,0,0,0,0,4,5,2,4,1,1,4,2,2,3,1,1,5,2,7
AV10,2,,1,1,2,4,5,5,4,4,4,4,1,1,4,4,1,0,0,0,0,0,4,5,5,4,4,1,5,1,4,1,3,3,4,2,6
AV10,3,,1,1,2,4,4,3,3,4,3,3,,,,,,,,,,,,,,,,,,,,,,,,,
AV10,4,3,2,2,1,2,2,3,3,3,1,1,4,4,1,1,1,0,0,0,0,0,5,2,3,2,,,2,2,2,3,1,2,5,1,2
AV10,5,,2,2,1,1,1,5,3,3,1,1,4,4,1,1,1,0,0,0,0,0,5,1,2,4,2,4,1,3,1,5,1,4,5,1,2
AV10,6,5,2,2,1,1,1,4,1,1,1,1,4,4,1,1,1,0,0,0,0,0,1,2,1,3,2,3,2,2,1,3,1,4,3,2,2
AV10,7,1,2,2,1,1,1,4,2,3,4,2,4,4,1,1,1,0,0,0,0,0,3,2,3,2,2,2,2,1,1,5,1,1,4,,
AV10,8,3,2,2,1,1,1,3,1,1,1,1,1,1,4,4,0,0,0,0,0,1,1,4,6,4,1,1,5,1,3,1,1,2,3,2,2
AV10,9,1,2,2,1,1,3,5,1,1,1,2,3,3,1,1,1,0,0,0,0,0,5,2,4,4,1,3,2,4,1,5,1,2,5,2,2
AV10,10,,1,1,,4,4,5,3,4,,,1,3,3,3,1,0,0,0,0,0,4,5,2,3,,,,,,,2,2,4,1,6
AV10,11,1,1,1,2,4,4,4,4,4,3,2,1,1,3,3,1,0,0,0,0,0,4,2,1,3,4,3,5,2,4,3,3,3,5,2,6
AV10,12,3,2,2,1,2,1,5,2,3,1,1,4,4,4,1,1,0,0,1,0,0,5,1,2,2,2,3,1,3,1,3,1,1,5,2,3
AV10,13,8,2,2,1,2,1,4,1,1,2,1,3,4,1,1,1,0,0,0,0,0,4,4,4,2,2,,2,3,2,3,1,3,5,1,2
AV10,14,1,2,2,1,2,4,3,2,2,1,2,4,4,1,1,1,0,0,0,0,0,3,2,5,4,2,1,3,1,3,3,1,3,5,2,2
AV10,15,3,2,2,1,1,1,5,1,1,1,1,3,4,1,1,1,0,0,0,0,0,2,2,5,4,1,2,3,3,1,3,1,4,5,1,1
AV10,16,8,2,2,1,1,5,3,2,2,2,2,4,4,1,1,1,0,0,0,0,0,4,3,4,3,1,1,4,2,1,2,1,4,5,2,2
AV10,17,1,1,1,2,4,3,3,4,4,2,4,1,1,4,3,1,0,0,0,0,0,2,3,3,2,4,2,5,1,3,3,3,3,5,2,6
AV10,18,1,2,2,1,2,2,3,2,2,2,2,2,4,1,1,0,1,0,0,1,0,5,2,3,2,3,3,2,4,2,4,2,2,5,2,2
AV10,19,9,2,2,1,1,3,3,1,1,1,1,4,4,1,1,1,0,0,0,0,0,4,2,4,2,1,3,2,2,2,2,1,2,4,1,2
AV10,20,3,2,2,1,2,1,5,2,1,1,1,4,4,1,1,1,0,0,0,0,0,2,1,2,4,2,4,1,4,1,,1,4,3,2,3
AV10,21,,2,2,1,2,1,5,2,1,2,1,3,3,1,1,1,0,0,0,0,0,4,1,2,4,2,3,2,2,2,4,1,1,4,2,3
AV10,22,9,2,2,1,2,1,4,2,2,1,1,4,4,1,1,,,,,,,,,,,,,,,,,,,,,
AV10,23,9,2,2,1,2,2,3,3,3,2,1,3,3,1,1,1,0,0,0,0,0,5,4,1,2,3,3,3,2,2,2,1,2,3,1,2
AV10,24,1,1,1,2,4,3,5,4,4,1,4,1,1,2,3,1,0,0,0,0,0,3,2,3,2,,,5,2,3,3,4,2,5,1,5
AV10,25,1,2,2,1,2,1,3,3,2,1,1,4,4,1,1,,,,,,,,,,,,,,,,,,,,,
AV10,26,1,2,2,1,1,1,3,2,3,2,1,4,4,1,1,1,0,0,0,0,0,2,2,5,3,1,1,2,1,1,1,1,2,3,,2
AV10,27,2,2,2,1,1,1,5,1,1,2,1,4,4,1,1,1,0,0,0,0,0,5,1,3,4,2,4,2,3,1,4,1,4,5,2,2
AV10,28,3,2,2,1,2,2,3,1,1,2,1,4,4,1,1,1,0,0,0,0,0,5,1,3,3,2,3,3,3,2,4,1,3,5,1,2
AV10,29,,2,2,1,1,1,5,2,2,1,1,1,,,,,,,,,,,,,,,,,,,,,,,,
AV10,30,8,2,2,1,2,2,3,1,2,1,1,4,4,1,1,1,0,0,0,0,0,2,1,3,4,1,4,2,3,1,4,1,2,5,1,2
AV10,31,3,2,2,1,2,1,3,2,2,1,1,4,4,1,1,1,0,0,0,0,0,5,2,3,4,3,3,3,3,2,3,2,3,5,1,2
AV10,32,,2,2,1,1,1,4,2,1,1,1,4,4,1,1,1,0,0,0,0,0,5,2,4,5,1,4,2,1,1,3,1,1,4,,2
AV10,33,3,2,2,1,1,1,5,1,1,1,1,4,4,1,1,1,0,0,0,0,0,4,1,3,4,1,3,2,2,1,5,1,3,4,1,2
AV10,34,3,1,1,2,4,5,5,4,4,4,4,1,1,4,4,1,0,0,0,0,0,4,5,5,2,4,4,5,2,2,2,2,2,3,2,6
AV10,35,3,2,2,1,1,2,5,2,1,1,1,1,1,1,1,1,0,0,0,0,0,4,1,3,2,1,2,2,2,2,4,1,4,5,2,2
AV10,36,7,1,1,2,4,4,3,3,4,3,1,1,1,3,2,1,0,0,0,0,0,4,5,5,3,2,3,4,2,2,2,3,2,2,2,8
AV10,37,7,1,1,2,4,4,3,4,4,2,4,1,1,4,4,1,0,0,0,0,0,4,4,6,3,2,1,5,2,3,2,1,2,,1,6
AV10,38,7,1,1,2,4,5,5,4,4,1,4,1,1,4,4,1,0,0,0,0,0,2,4,6,4,2,2,5,1,3,2,1,4,5,2,6
AV10,39,8,2,2,1,1,1,5,2,2,1,2,4,4,1,1,0,0,0,1,0,0,4,3,1,4,2,2,2,2,1,4,1,1,4,2,2
AV10,40,2,1,,1,4,2,1,4,4,2,1,2,2,2,2,0,0,0,0,1,0,5,4,4,4,2,1,3,3,3,3,3,3,4,1,6
AV10,41,,2,2,1,2,1,3,2,3,1,1,1,1,3,4,1,0,0,0,0,0,2,2,3,4,2,2,2,1,1,3,1,1,5,1,2
AV10,42,,2,2,1,2,3,4,2,2,1,1,3,2,1,1,1,0,0,0,0,0,3,3,2,2,2,4,3,4,2,4,1,3,3,1,3
AV10,43,2,2,2,1,2,1,3,2,1,1,1,3,4,1,1,1,0,0,0,0,0,5,1,3,2,1,4,2,2,1,4,1,2,5,2,2
AV10,44,8,1,1,2,4,5,3,4,4,3,3,1,1,4,4,1,0,0,0,0,0,4,2,2,4,3,3,5,1,4,2,4,4,5,2,6
AV10,45,1,1,1,2,4,5,5,4,4,4,4,1,1,4,3,1,0,0,0,0,0,3,5,3,4,4,2,4,2,4,2,3,2,4,1,6
AV10,46,8,2,2,1,2,1,5,3,2,1,1,4,4,1,1,1,0,0,0,0,0,4,1,4,4,1,4,2,4,2,4,1,4,4,2,2
AV10,47,1,1,2,2,4,4,2,3,4,3,1,1,1,3,2,1,0,0,0,0,0,4,2,4,2,2,2,5,2,2,2,1,2,5,1,3
AV10,48,7,1,1,2,4,3,5,4,4,3,4,1,1,4,4,1,0,0,0,0,0,1,5,3,4,4,4,5,3,5,5,3,4,5,2,6
AV10,49,1,2,2,1,4,4,3,2,3,2,3,4,4,1,1,1,0,0,0,0,0,4,2,3,4,2,2,3,3,3,3,1,1,5,1,7
AV10,50,2,2,2,1,2,2,3,2,2,2,2,2,1,1,1,1,0,0,0,0,0,2,2,5,3,2,3,2,2,1,4,1,3,5,1,2
AV10,51,8,2,2,1,2,3,5,4,4,2,1,4,4,1,1,1,0,0,0,0,0,2,1,3,3,1,2,4,3,2,4,1,4,5,2,3
AV10,52,8,2,2,1,1,1,5,1,1,2,1,4,4,1,1,1,0,0,0,0,0,4,1,3,4,1,1,3,3,3,3,1,4,5,1,2
AV10,53,1,2,1,1,3,3,2,2,3,2,4,1,1,1,1,1,0,0,0,0,0,4,2,3,3,2,3,3,2,1,2,1,1,5,2,5
AV10,54,8,2,2,1,1,1,5,2,1,2,1,4,4,1,1,1,0,0,0,0,0,5,2,5,4,3,4,2,2,2,2,1,4,5,1,2
AV10,55,3,2,2,1,1,2,5,2,2,2,1,4,4,1,1,1,0,0,0,0,0,2,4,5,4,1,2,2,2,2,3,1,4,,1,2
AV10,56,8,2,2,1,4,3,1,2,2,2,1,3,4,3,1,1,0,0,0,0,0,4,1,1,4,4,4,4,2,2,5,1,3,4,1,9
AV10,57,1,2,2,1,2,3,3,2,2,1,1,3,4,1,1,1,0,0,0,0,0,1,3,5,3,2,3,4,2,1,2,1,2,5,2,2
AV10,58,2,2,2,1,2,1,3,2,2,2,1,4,4,1,1,1,0,0,0,0,0,4,2,5,4,2,4,2,2,2,4,1,2,,1,2
ENM,1,1,1,2,1,3,4,2,2,4,3,3,1,3,3,4,1,0,0,0,0,0,3,2,1,3,4,3,4,2,1,3,1,3,5,2,6
ENM,2,,1,1,2,4,4,4,3,4,,3,2,2,4,2,1,0,0,0,0,0,4,2,2,2,2,3,4,4,4,4,2,,4,1,6
ENM,3,9,2,2,1,4,1,5,3,4,2,1,3,3,1,1,1,0,0,0,0,0,2,1,1,3,2,4,3,5,2,5,2,4,2,1,3
ENM,4,1,2,2,1,2,2,2,2,2,3,4,4,1,1,1,0,0,0,0,0,0,3,2,2,2,2,2,1,1,1,2,1,2,3,1,2
ENM,5,1,1,1,2,4,5,5,3,3,3,4,1,2,3,3,1,0,0,0,0,0,4,5,6,4,,,,,,,,,,,
ENM,6,4,1,1,2,4,4,5,3,3,3,,1,2,3,3,,,,,,,4,4,2,2,,,4,2,3,4,2,3,5,,
ENM,7,1,1,1,2,4,5,5,4,3,3,4,1,1,3,3,,,,,,,,,,,,,,,,,,,,,
ENM,8,1,,,,4,5,3,4,4,,2,1,1,3,2,1,0,0,0,0,0,4,2,2,2,1,2,,,,,3,4,,1,
ENM,9,1,1,1,1,4,4,1,2,4,2,2,1,1,3,1,1,0,0,0,0,0,4,1,2,3,4,4,4,2,2,5,3,2,5,2,9
ENM,10,9,,,,,,5,4,4,4,2,,,,,1,0,0,0,0,0,3,5,,2,,,,,,,2,4,,,5
ENM,11,3,2,2,1,2,1,5,2,2,2,1,4,4,1,1,1,0,0,0,0,0,2,2,3,2,2,2,2,1,2,3,1,2,4,2,2
ENM,12,7,1,1,2,4,3,4,2,4,3,3,1,1,3,3,1,0,0,0,0,0,4,1,3,4,4,2,5,2,2,3,2,3,4,2,6
ENM,13,7,1,1,2,4,4,3,4,4,4,4,1,1,3,3,1,0,0,0,0,0,3,5,3,2,4,2,5,3,4,3,2,3,4,1,9
ENM,14,5,1,1,1,4,5,3,4,4,,2,4,3,1,1,1,0,0,0,0,0,5,5,2,3,,,4,1,1,3,1,2,3,,
ENM,15,7,1,1,2,4,4,5,4,4,3,3,1,1,4,3,1,0,0,0,0,0,4,2,4,3,4,1,4,,2,2,2,4,5,2,6
ENM,16,7,1,1,2,4,5,5,4,4,,4,1,1,4,4,0,0,0,0,0,1,2,1,3,2,4,2,4,3,2,2,3,2,5,,6
ENM,17,3,2,2,1,1,1,5,1,1,1,1,4,4,1,1,,,,,,,,,,,,,,,,,,,,,
ENM,18,1,1,1,2,4,4,3,3,4,2,1,1,1,3,3,,,,,,,,,,,,,,,,,,,,,
ENM,19,,2,2,1,1,1,5,1,1,1,1,4,4,1,1,,,,,,,,,,,,,,,,,,,,,
ENM,20,3,2,2,1,2,1,4,1,1,2,1,3,4,1,1,,,,,,,,,,,,,,,,,,,,,
ENM,21,1,1,1,2,4,3,4,3,4,3,4,1,1,4,4,1,0,0,0,0,0,5,5,2,4,4,2,4,2,3,3,2,3,5,1,6
ENM,22,1,2,2,1,4,3,1,3,3,2,2,3,4,3,3,5,0,0,0,0,0,1,2,1,2,2,3,4,4,4,4,2,3,2,1,2
ENM,23,7,1,1,2,4,5,3,3,4,2,3,1,1,4,3,1,0,0,0,0,0,2,2,4,4,4,2,4,2,2,2,1,2,5,2,6
ENM,24,6,1,2,1,4,4,3,4,4,1,1,1,1,4,3,1,0,0,0,1,0,3,2,4,1,3,3,3,2,3,3,2,3,3,1,9
ENM,25,8,2,2,1,1,1,5,1,1,2,1,3,3,1,1,1,0,0,0,0,0,4,1,2,4,1,3,2,2,2,4,1,2,5,2,3
ENM,26,3,2,2,1,2,3,3,2,4,1,1,3,3,1,1,1,0,0,0,0,0,4,2,2,3,2,2,2,2,2,3,1,3,5,1,2
ENM,27,1,1,1,2,4,4,5,4,4,2,3,1,1,4,4,1,0,0,0,0,0,4,2,1,4,1,1,4,2,3,3,3,3,3,1,6
ENM,28,8,2,2,1,2,2,5,2,2,1,1,2,3,1,1,1,0,0,0,0,0,4,2,2,3,2,3,2,2,1,3,1,3,5,2,2
ENM,29,1,1,1,2,4,5,3,4,4,3,3,1,3,4,2,1,0,0,0,0,0,4,2,1,3,2,3,5,2,4,3,2,3,5,2,
ENM,30,3,2,2,1,2,2,2,2,2,1,2,3,3,1,1,1,0,0,0,0,0,5,3,2,2,2,2,4,4,3,4,2,2,4,1,7
ENM,31,1,1,1,3,4,3,5,4,4,2,4,1,2,3,3,1,0,0,0,0,0,4,4,3,2,4,4,4,3,4,3,3,3,5,1,9
ENM,32,1,1,1,2,4,3,2,3,4,3,4,1,1,2,2,1,0,0,0,0,0,5,4,2,3,3,3,3,4,2,2,2,2,5,2,7
ENM,33,1,1,1,2,4,5,5,3,4,2,2,1,1,4,4,1,0,0,0,0,0,4,2,2,4,4,4,5,1,4,2,2,4,5,1,6
ENM,34,1,1,2,1,3,4,1,3,3,2,3,1,2,4,3,1,0,0,0,0,0,4,2,1,2,4,3,5,2,3,3,2,3,4,2,9
ENM,35,1,1,1,2,4,5,5,4,4,2,4,1,1,4,4,1,0,0,0,0,0,4,2,4,3,4,1,5,1,1,2,2,1,5,2,6
ENM,36,7,1,1,2,3,4,1,3,4,3,2,2,1,2,1,,,,,,,,,,,,,,,,,,,,,
ENM,37,,2,2,2,3,2,1,3,3,1,2,1,3,3,2,1,0,0,0,0,0,3,1,1,2,2,4,5,2,2,4,3,3,1,2,4
ENM,38,1,1,1,2,4,4,4,3,4,2,3,1,1,4,4,1,0,0,0,0,0,1,1,3,3,3,2,4,1,3,2,2,3,5,1,6
ENM,39,1,1,3,3,3,3,3,3,3,1,1,3,3,3,3,1,0,0,0,0,0,4,2,2,3,3,3,2,2,2,2,1,2,4,1,7
ENM,40,1,3,2,2,3,4,2,3,3,3,1,1,1,1,1,1,0,0,0,0,0,4,4,,2,3,3,3,2,2,2,1,2,5,1,5
ENM,41,7,1,1,2,3,4,3,3,3,3,2,1,1,4,4,1,0,0,0,0,0,4,2,3,3,4,4,4,2,2,2,1,3,5,2,6
ENM,42,1,1,1,3,2,3,2,3,3,3,2,2,2,3,2,,,,,,,,,,,,,,,,,,,,,
ENM,43,,1,1,2,4,4,3,4,4,2,3,1,1,4,3,,,,,,,,,,,,,,,,,,,,,
ENM,44,,1,1,2,4,5,5,4,4,3,3,1,1,4,4,,,,,,,,,,,,,,,,,,,,,
ENM,45,,1,1,2,4,3,3,4,4,2,2,1,1,3,2,,,,,,,,,,,,,,,,,,,,,
AVP9,1,,1,1,2,4,4,5,3,4,3,2,1,1,4,4,1,0,0,0,0,0,3,4,3,1,3,2,5,2,3,4,2,4,5,2,6
AVP9,2,1,1,1,2,4,4,5,3,4,3,3,1,1,4,3,1,0,0,0,0,0,3,5,3,3,3,3,4,2,4,2,2,3,5,1,6
AVP9,3,8,2,2,1,1,3,5,2,1,3,1,4,4,1,1,1,0,0,0,0,0,5,4,3,4,1,2,3,2,2,2,1,4,5,2,1
AVP9,4,,3,2,1,3,2,2,3,3,1,2,1,2,1,1,1,1,0,0,0,1,2,1,1,3,2,4,2,5,2,4,1,1,1,2,1
AVP9,5,8,2,2,1,4,,4,2,,2,1,,3,1,1,1,0,0,0,0,0,4,3,4,2,,,2,2,2,2,1,4,5,1,
AVP9,6,9,2,2,1,2,1,3,1,2,2,1,4,4,1,1,1,0,0,0,0,0,4,2,4,3,2,2,4,2,2,3,1,4,5,1,2
AVP9,7,8,2,2,1,2,3,1,3,,1,1,4,4,1,1,1,0,0,0,0,0,2,1,1,2,,4,2,4,2,4,1,3,2,3,2
AVP9,8,3,2,2,1,2,2,3,2,2,1,1,4,4,1,1,1,0,0,0,0,0,5,1,2,2,2,3,2,2,2,2,1,3,5,1,2
AVP9,9,9,2,2,1,3,3,4,3,3,1,1,1,1,1,1,0,0,0,1,0,0,4,1,3,2,2,3,4,3,2,3,2,3,5,2,5
AVP9,10,1,1,1,2,4,4,3,2,4,3,2,1,1,3,3,1,0,0,0,0,0,4,5,5,3,3,2,4,2,3,3,2,2,5,2,6
AVP9,11,,2,2,1,1,1,5,1,1,1,1,4,4,1,1,1,0,0,0,0,0,5,1,5,4,1,3,3,1,1,4,1,3,4,1,2
AVP9,12,8,2,2,1,2,2,4,2,2,1,2,3,4,1,1,1,0,0,0,0,0,3,5,6,4,1,2,2,2,2,2,1,2,5,2,2
AVP9,13,3,2,2,1,1,1,5,1,1,1,1,4,4,1,1,1,0,0,0,0,0,2,1,4,4,1,3,3,2,2,4,1,4,5,1,2
AVP9,14,1,1,1,2,3,3,4,4,4,2,4,1,1,3,3,1,0,0,0,0,0,4,1,4,4,4,3,5,2,2,3,2,4,4,1,6
AVP9,15,7,1,1,2,4,4,4,3,4,2,1,1,1,4,3,1,0,0,0,0,0,2,2,4,3,4,2,4,2,3,4,2,4,5,2,6
AVP9,16,1,1,1,2,4,4,4,2,4,3,3,1,2,3,3,1,0,0,0,0,0,1,1,1,3,4,3,4,2,2,4,3,4,5,1,6
AVP9,17,5,2,2,1,3,2,2,2,2,2,2,3,3,1,2,1,0,0,0,0,0,4,2,4,3,3,3,2,2,2,2,1,2,5,1,2
AVP9,18,8,1,2,2,4,5,5,3,4,4,4,1,1,4,3,1,0,0,0,0,0,3,5,5,3,3,2,4,2,3,3,1,4,5,1,6
AVP9,19,3,2,2,1,2,1,5,2,2,1,1,3,3,1,1,1,0,0,0,0,0,4,1,1,4,3,4,2,4,2,4,1,1,3,2,3
AVP9,20,8,2,2,1,1,1,3,2,2,2,2,2,4,1,1,1,0,0,0,0,0,5,5,5,3,2,2,2,1,1,2,1,1,5,2,4
AVP9,21,8,2,2,1,1,1,5,2,2,1,1,4,4,1,1,1,0,0,0,0,0,5,4,3,4,1,3,2,4,2,3,1,3,5,1,2
AVP9,22,3,2,2,1,2,2,3,2,2,1,3,3,4,1,1,1,0,0,0,0,0,5,2,4,2,2,3,1,3,1,4,1,2,5,2,2
AVP9,23,3,2,2,1,2,2,4,2,2,2,1,4,4,1,1,1,0,0,0,0,0,4,4,3,3,1,2,2,2,2,2,1,3,2,1,3
AVP9,24,3,2,2,1,2,1,5,2,4,1,1,4,4,1,1,1,0,0,0,0,0,3,1,1,2,2,4,4,3,2,5,1,3,3,1,2
AVP9,25,9,2,1,1,3,4,1,3,3,3,4,2,4,2,1,0,1,0,0,0,0,5,4,3,1,3,4,5,2,3,2,1,2,5,2,8
AVP9,26,3,2,2,1,2,1,5,2,3,2,1,3,3,1,1,1,0,0,0,0,0,4,2,2,3,3,3,3,4,,4,2,2,5,1,2
AVP9,27,1,,2,1,2,1,3,2,2,1,1,3,3,1,1,1,0,0,0,0,0,4,1,3,3,2,2,,,,,1,2,5,1,2
AVP9,28,3,2,2,1,2,1,3,2,1,2,3,4,4,1,1,1,0,0,0,0,0,5,1,3,2,2,4,2,2,2,4,1,2,5,1,2
AVP9,29,5,2,2,,3,1,5,3,4,1,1,4,3,1,1,1,0,0,0,0,0,3,1,2,2,2,1,3,3,2,5,1,3,1,1,2
AVP9,30,3,2,2,1,2,1,5,2,2,1,1,4,4,1,1,1,0,0,0,0,0,5,1,3,4,1,4,1,3,1,4,1,1,5,1,2
AVP9,31,1,2,2,1,2,2,3,2,3,1,1,3,4,1,1,1,0,0,0,0,0,5,1,2,2,2,2,4,2,2,2,2,2,5,1,2
AVP9,32,5,2,2,1,2,1,5,2,3,1,1,4,4,2,1,1,0,0,0,0,0,4,2,3,2,2,3,2,4,1,4,1,2,5,1,3
AVP9,33,3,2,2,1,2,1,4,2,2,1,1,4,4,1,1,1,0,0,0,0,0,4,1,3,4,2,,2,2,2,4,1,2,5,1,2
AVP9,34,3,2,2,1,2,2,5,2,1,1,1,4,4,1,1,1,0,0,0,0,0,2,1,1,3,2,4,2,4,2,4,1,3,3,1,2
AVP9,35,3,2,2,1,3,1,5,2,2,1,1,3,3,1,1,1,0,0,0,0,0,1,1,1,3,2,4,2,4,2,4,1,4,5,1,2
AVP9,36,3,2,1,2,1,1,4,2,2,1,2,3,3,1,1,1,0,0,0,0,0,2,1,4,4,1,4,2,2,2,5,1,3,5,2,2
AVP9,37,2,2,2,1,2,2,5,2,2,1,1,4,4,1,1,1,0,0,0,0,0,5,1,2,4,2,2,3,3,1,5,1,2,5,2,2
AVP9,38,3,1,1,2,4,5,5,4,4,4,4,1,1,3,3,1,0,0,0,0,0,4,5,3,2,4,3.5,5,2,4,2,2,3,5,1,
AVP9,39,3,2,2,1,2,1,4,2,2,1,1,3,3,1,1,1,0,0,0,0,0,4,1,2,3,3,4,3,3,2,5,1,2,4,1,3
AVP9,40,3,2,2,1,1,2,4,2,2,2,1,3,3,1,1,1,0,0,0,0,0,5,4,2,3,2,2,2,2,2,3,1,1,5,2,2
AVP9,41,4,1,1,2,4,2,1,3,4,3,2,3,2,2,3,1,0,0,0,0,0,5,2,3,2,3,3,3,3,3,3,1,3,5,1,2
AVP9,42,3,1,2,1,2,2,4,2,2,1,1,2,1,1,1,1,0,0,0,0,0,5,2,4,2,2,2,3,3,1,4,1,2,5,1,2
AVP9,43,3,2,2,1,3,3,2,3,3,1,2,2,3,3,2,1,0,0,0,0,0,1,2,1,3,3,3,4,2,2,4,1,2,5,2,9
AVP9,44,1,2,1,1,2,4,4,2,3,3,2,3,3,2,1,1,0,0,0,0,0,5,4,3,2,1,3,3,2,2,2,1,2,5,2,5
AVP9,45,,1,1,3,4,3,5,4,4,3,4,1,1,4,3,1,0,0,0,0,0,5,1,3,4,4,4,4,2,3,3,2,2,5,2,9
AVP9,46,3,2,2,1,2,1,3,3,3,2,1,4,4,1,1,1,0,0,0,0,0,5,2,2,2,,,4,2,2,3,1,2,5,1,2
AVP9,47,7,1,1,2,4,3,4,4,4,3,4,1,1,4,4,0,0,0,0,0,1,2,1,3,4,4,4,5,2,4,4,2,4,5,1,7
,,,,,,,,,,,,,,,,,,,,,,,,,,,,,,,,,,,,,
LP11,1,1,1,1,2,4,5,3,3,3,3,2,1,1,4,4,0,0,0,0,0,0,4,3,5,3,4,2,5,2,4,3,4,4,5,1,6
LP11,2,8,2,2,1,,4,1,,,3,2,,,1,1,1,0,0,0,0,0,3,5,4,1,,,4,2,4,2,2,,5,1,
LP11,3,8,2,2,1,3,3,1,,,,2,,,,,1,0,0,0,0,0,1,5,1,1,2,,3,2,3,2,1,2,,2,
LP11,4,1,2,1,1,3,4,3,2,3,2,2,2,2,1,1,1,0,0,0,0,0,4,5,5,3,3,3,4,2,3,2,2,2,5,1,7
LP11,5,3,1,1,2,4,3,3,3,4,3,4,1,1,2,1,1,0,0,0,0,0,4,4,4,3,2,1,5,2,3,2,3,4,5,2,8
LP11,6,7,1,1,2,4,4,4,3,4,3,2,1,1,4,3,1,0,0,0,0,0,1,5,1,3,2,2,4,2,3,2,3,3,5,,6
LP11,7,3,2,2,1,1,1,5,2,1,1,1,4,4,1,1,1,0,0,0,0,0,4,1,2,4,1,3,2,5,1,3,1,3,5,1,5
LP11,8,1,1,1,2,4,5,5,3,3,3,4,1,1,4,3,1,0,0,0,0,0,4,2,2,4,4,4,4,4,3,2,2,2,5,2,6
LP11,9,9,2,2,1,2,5,3,2,2,1,1,4,4,3,1,1,0,0,0,0,0,4,2,4,3,2,3,4,4,2,3,1,2,5,1,2
LP11,10,,2,2,1,2,2,3,2,2,2,1,4,4,1,1,1,0,0,0,0,0,3,4,2,2,,,3,2,2,2,1,3,5,1,2
LP11,11,9,2,2,1,2,4,3,2,3,2,1,3,3,1,1,1,0,0,0,0,0,5,2,5,2,2,2,3,1,2,2,1,4,5,2,4
LP11,12,,2,2,1,2,2,3,2,2,2,1,3,4,1,1,1,0,0,0,0,0,4,2,5,3,2,4,3,2,2,3,1,2,5,1,2
LP11,13,1,1,1,2,4,4,1,4,3,2,2,1,2,4,2,1,0,0,0,0,0,1,4,1,2,4,3,3,1,3,2,3,3,5,2,5
LP11,14,,1,1,2,4,4,3,3,4,2,1,1,1,3,1,0,0,0,0,1,0,4,2,2,3,4,4,4,2,2,3,2,3,5,1,6
LP11,15,2,1,3,1,3,,2,1,1,,,3,2,2,4,0,1,0,0,0,0,2,3,2,2,1,1,4,3,2,2,2,2,3,,5
LP11,16,8,2,2,1,2,2,3,2,3,2,2,3,4,4,1,1,0,0,0,0,0,4,2,2,2,3,3,3,3,3,3,1,2,2,1,2
LP11,17,3,2,3,1,3,2,2,3,3,2,1,3,3,1,1,1,0,0,0,0,0,4,1,4,2,3,3,4,4,2,5,2,3,5,1,2
LP11,18,1,2,2,1,1,2,5,2,2,1,1,3,4,1,1,0,0,0,0,0,0,5,2,3,2,2,3,2,1,1,3,1,4,5,2,2
LP11,19,1,1,1,2,3,5,2,3,3,3,1,1,2,3,4,1,0,0,0,0,0,3,4,3,2,1,1,2,1,2,1,1,2,1,2,6
LP11,20,1,1,2,1,4,3,1,2,4,2,4,1,2,2,1,1,0,0,0,0,0,3,1,4,2,1,1,4,2,2,3,1,2,5,2,5
LP11,21,8,2,2,1,2,3,3,2,3,2,1,3,3,1,1,1,0,0,0,0,0,2,1,5,4,1,2,3,2,2,4,1,3,5,2,7
LP11,22,1,1,1,2,4,5,4,3,4,1,3,1,2,4,3,1,0,0,0,0,0,1,2,1,3,3,2,1,2,1,2,2,1,2,2,6
LP11,23,8,2,2,1,2,3,3,2,2,2,2,2,3,1,1,1,0,0,0,0,0,2,3,2,2,2,2,2,2,2,2,1,1,5,2,4
LP11,24,1,2,1,1,2,4,2,3,3,2,2,2,2,1,1,1,0,0,0,0,0,4,2,4,2,2,3,4,2,2,4,1,3,5,2,7
LP11,25,6,1,1,2,4,3,3,3,4,2,4,1,1,3,2,1,0,0,0,0,0,4,5,5,1,3,2,4,3,2,3,2,1,5,2,5
LP11,26,1,1,1,2,4,4,5,3,4,3,1,1,2,3,3,1,0,0,0,0,0,2,3,1,2,4,4,5,3,2,3,4,3,1,1,5
LP11,27,7,1,1,2,4,5,5,,4,3,4,1,1,4,3,1,0,0,0,0,0,2,2,4,4,4,2,5,2,4,4,3,3,5,2,6
LP11,28,1,1,1,2,4,4,3,4,4,4,2,2,1,3,3,1,0,0,0,0,0,4,5,3,1,3,2,4,2,2,2,2,3,5,1,7
LP11,29,2,2,2,1,1,2,4,2,2,1,1,4,4,1,1,1,0,0,0,0,0,5,2,6,3,1,3,4,4,1,2,1,3,5,2,2
LP11,30,,1,1,2,4,5,5,4,4,3,4,1,1,4,4,0,0,0,1,0,0,4,5,5,4,4,1,5,2,4,1,2,4,4,1,6
LP11,31,8,2,2,1,1,2,5,2,1,2,1,3,3,1,1,1,0,0,0,0,0,5,4,4,4,1,1,2,2,2,2,1,2,5,2,2
LP11,32,,1,2,1,3,4,1,2,3,3,1,1,2,3,2,1,0,0,0,0,0,2,3,6,2,3,3,2,2,2,1,2,2,2,1,6
LP11,33,3,1,1,2,3,4,4,3,4,3,3,2,2,3,3,1,0,0,0,0,0,5,4,3,2,3,3,4,2,3,2,1,2,2,1,6
LP11,34,1,1,1,2,3,3,5,2,4,2,3,1,1,2,4,1,0,0,0,0,0,4,2,3,2,4,3,4,2,4,4,1,2,5,2,9
LP11,35,,1,1,2,4,4,5,3,4,2,3,1,1,4,3,1,0,0,0,0,0,3,3,5,3,2,2,5,3,3,3,3,4,3,2,6
LP11,36,1,2,2,1,2,3,3,2,2,1,1,3,4,1,1,1,0,0,0,0,0,5,1,4,2,1,3,2,2,1,3,1,4,5,2,7
LP11,37,7,1,1,2,4,5,3,2,4,1,2,1,1,3,2,1,0,0,0,0,0,1,1,4,3,2,2,4,2,2,2,1,2,5,,7
LP11,38,,,,,,,,,,,,,,,,,,,,,,,,,,,,,,,,,,,,
LP11,39,8,2,2,1,2,2,5,2,2,1,1,4,4,1,1,1,0,0,0,0,0,4,1,5,4,2,2,2,2,2,4,1,3,5,2,2
LP11,40,9,1,1,2,4,5,5,,4,,2,1,1,3,4,1,0,0,0,0,0,3,5,3,2,,,4,,4,2,3,4,5,1,9
LP11,41,1,1,1,2,4,4,3,4,4,3,2,1,1,4,3,1,0,0,0,0,0,4,3,4,2,3,3,4,2,2,2,2,3,5,1,6
LP11,42,7,1,1,2,4,5,3,3,2,2,4,1,2,3,3,1,0,0,0,0,0,4,2,4,4,2,2,4,2,3,2,1,1,5,2,7
LP11,43,3,2,2,1,2,1,5,2,3,1,1,4,4,1,1,1,0,0,0,0,0,4,1,1,3,2,4,3,4,2,4,1,4,2,1,2
LP11,44,,2,2,1,1,3,3,1,2,1,2,4,4,1,1,1,0,0,0,0,0,2,2,1,2,2.5,2,2,2,2,2,1,1,2,2,2
LP11,45,,2,2,1,1,3,5,1,1,1,1,3,3,1,1,1,0,0,0,0,0,4,1,4,3,2,3,3,2,1,5,1,4,5,2,2
LP11,46,1,1,1,2,3,5,5,4,4,4,4,1,1,4,4,1,0,0,0,0,0,4,5,2,3,2,1,4,2,4,3,2,3,4,1,6
LP11,47,1,1,1,2,4,5,3,3,4,3,4,1,1,4,3,1,0,0,0,0,0,2,4,2,3,3,3,4,2,3,3,2,1,4,2,6
LP11,48,3,2,2,1,3,3,5,2,3,1,1,2,3,1,4,1,0,0,0,0,0,4,2,2,3,2,4,3,4,1,5,1,2,5,2,2
LP11,49,3,2,2,1,2,1,5,3,3,1,1,4,4,1,1,1,0,0,0,1,0,4,1,2,4,4,4,4,5,2,4,1,4,5,1,3
LP11,50,,,1,2,4,4,4,3,4,3,3,1,1,,,1,0,0,0,0,0,2,5,4,2,4,1,,,,,3,4,5,1,6
LP11,51,6,2,2,1,3,2,3,2,2,2,1,3,3,1,1,1,0,0,0,0,0,4,2,2,2,3,3,3,3,3,3,2,2,5,1,2
LP11,52,7,1,1,2,4,5,5,3,4,3,4,1,1,4,4,1,0,0,0,0,0,4,4,4,4,4,2,5,3,4,3,3,4,5,2,6
LP11,53,6,2,2,2,4,4,3,3,4,2,2,2,3,1,2,1,0,0,0,0,0,4,1,4,2,3,3,4,2,2,4,1,3,5,1,3
LP11,54,7,1,1,2,4,3,2,4,4,3,4,1,1,3,3,,,,,,,,,,,,,,,,,,,,,
LP11,55,7,1,1,2,4,3,4,4,4,3,4,1,1,4,4,1,0,0,0,0,0,4,5,4,2,4,1,5,2,2,2,3,4,5,1,6
LP11,56,8,2,2,1,2,2,3,2,2,1,1,3,3,1,1,1,0,0,0,0,0,4,2,4,1,2,2,2,2,1,2,1,4,5,1,2
LP11,57,3,2,2,1,2,1,5,2,1,1,1,3,3,1,1,1,0,0,0,0,0,5,1,3,3,2,3,3,3,2,4,1,2,5,1,2
LP11,58,1,1,1,3,4,3,3,4,4,,1,1,1,3,4,1,0,0,0,0,0,4,5,4,3,,2,4,2,2,2,1,2,5,1,7
LP11,59,8,2,2,1,2,2,5,2,3,3,1,4,4,1,1,1,0,0,0,0,0,3,2,6,3,3,3,3,3,2,2,1,4,3,1,2
LP11,60,,2,2,1,2,3,3,3,3,1,2,2,2,2,2,1,0,0,0,0,0,2.5,1,2,2,2,3,3,4,2,4,3,3,2,1,2
LP11,61,8,2,2,1,1,1,3,1,1,2,1,4,4,1,1,1,0,0,0,0,0,5,1,3,4,2,4,2,2,1,2,1,1,5,2,2
LP11,62,9,1,1,2,4,5,5,3,4,3,4,1,1,4,4,1,0,0,0,0,0,4,4,4,4,4,1,4,1,4,2,1,4,5,2,6
LP11,63,8,2,2,1,2,3,3,2,2.5,2,3,3,4,1,1,1,0,0,0,0,0,5,2,3,1,2,2,2,2,2,2,1,2,5,1,2
L10,1,3,2,2,1,1,1,5,2,1,2,1,3,3,1,1,1,0,0,0,0,0,4,2,4,3,2,3,2,3,2,4,1,2,5,1,2
L10,2,5,2,2,1,2,1,5,3,3,2,1,4,3,4,1,1,0,0,0,0,0,4,1,1,2,2,4,3,4,3,4,2,4,5,1,3
L10,3,6,1,1,2,4,3,3,3,4,3,4,1,1,4,2,1,0,0,0,0,0,5,5,4,4,4,1,5,1,3,3,2,1,5,2,8
L10,4,7,1,1,2,4,4,5,3,3,3,3,1,2,3,3,1,0,0,0,0,0,2,4,5,2,3,3,3,2,3,2,2,3,5,1,8
L10,5,1,1,1,2,4,4,5,3,4,3,3,2,1,4,4,1,0,0,0,0,0,2,2,1,2,,1,4,2,3,2,2,2,3,2,6
L10,6,1,1,1,2,4,4,5,4,4,3,4,1,1,4,4,1,0,0,0,0,,4,4,5,3,,,5,2,2,2,3,4,5,1,6
L10,7,5,2,2,1,2,3,4,1,2,2,1,4,4,1,1,1,0,0,0,0,0,4,1,3,3,2,3,2,2,1,4,1,1,5,2,4
L10,8,1,2,2,1,2,1,3,2,2,2,1,3,2,1,1,,,,,,,,,,,,,,,,,,,,,
L10,9,3,2,2,1,2,1,4,2,2,1,1,4,4,1,1,1,0,0,0,0,0,4,1,3,3,2,4,3,4,2,5,2,4,5,1,2
L10,10,,2,2,1,1,2,4,2,3,1,2,4,4,1,1,1,0,0,0,0,0,5,3,4,3,3,3,3,2,2,3,1,1,5,1,2
L10,11,1,1,2,1,3,4,2,2,4,,2,3,3,2,2,1,0,0,0,0,0,3,3,1,2,3,3,3,3,2,4,2,2,3,2,6
L10,12,3,2,2,1,2,2,2,2,2,1,2,3,3,2,1,1,0,0,0,0,0,1,4,1,2,3,1,3,2,3,5,2,2,,2,2
L10,13,3,1,1,2,4,4,4,3,4,3,4,1,1,2,3,1,0,0,0,0,0,4,5,3,3,4,1,4,2,3,2,3,4,5,1,6
L10,14,1,1,2,1,3,4,2,3,3,3,1,2,2,3,3,1,0,0,0,0,0,2,4,5,2,2,2,3,2,2,2,2,2,5,2,6
L10,15,3,2,2,1,1,1,4,2,2,2,2,4,4,2,1,1,0,0,0,0,0,4,1,3,3,3,3,2,2,1,4,1,1,5,1,2
L10,16,3,2,2,1,1,1,5,2,2,2,1,4,4,1,1,1,0,0,0,0,0,5,3,3,3,3,3,3,2,1,3,1,3,5,2,2
L10,17,3,2,2,1,,3,3,2,2,1,2,4,,3,1,,,,,,,,,,,,,,,,,,,,,
L10,18,8,2,1,1,2,4,3,2,2,1,1,4,3,1,1,1,0,0,0,0,0,4,2,4,3,3,3,3,1,1,2,1,1,5,1,2
L10,19,1,1,1,2,4,2,4,3,1,1,2,3,4,4,1,0,0,0,1,0,0,4,2,2,2,3,3,4,2,2,4,1,2,5,2,6
L10,20,1,1,1,2,3,4,3,3,3,3,3,1,2,3,2,1,0,0,0,0,0,5,2,2,2,2,2,2,2,2,3,2,3,5,2,6
L10,21,1,1,1,2,4,4,5,4,4,3,4,1,1,4,3,1,0,0,0,0,0,4,1,2,2,4,1,5,1,3,5,2,3,5,1,6
L10,22,3,2,2,1,2,3,3,3,3,2,1,4,3,1,1,0,0,0,0,0,1,5,1,1,3,2,5,5,4,3,5,2,3,3,2,3
L10,23,3,2,2,1,2,2,2,2,3,1,1,4,4,1,1,1,0,0,0,0,0,4,4,2,3,3,3,3,3,2,3,1,3,5,2,2
L10,24,7,1,1,2,4,3,2,3,4,3,2,1,1,3,2,1,0,0,0,0,1,5,2,4,3,4,4,5,2,3,3,2,3,4,2,9
L10,25,1,1,3,2,4,3,4,4,4,3,3,1,1,4,4,1,0,0,0,0,0,4,5,6,3,4,4,5,2,1,2,2,3,5,1,6
L10,26,,2,2,1,2,1,5,2,3,1,1,4,3,1,1,1,0,0,0,0,0,3,1,1,2,2,4,2,3,1,3,1,2,2,2,3
L10,27,1,2,1,1,3,3.5,1,3,3,3,1,2,3,3,2,1,0,0,0,0,0,4,5,4,2,3,3,4,2,1,2,1,2,5,2,7
L10,28,1,2,2,1,3,3,2,2,2,2,2,,,,1,1,1,0,0,0,0,2,1,4,2,3,3,2,2,1,4,1,2,2,1,2
L10,29,7,1,1,2,4,5,3,2,4,3,3,1,1,4,3,1,0,0,0,0,0,4,3,3,2,4,2,4,2,3,1,2,3,5,1,6
L10,30,1,1,1,2,4,4,2,4,4,2,1,2,2,4,2,1,0,0,0,0,0,5,4,3,3,1,2,4,2,2,4,3,4,5,2,9
L10,31,5,2,2,1,2,3,5,2,2,3,1,3,3,1,1,1,0,0,0,0,0,4,3,4,2,2,2,,,,,1,2,5,1,2
L10,32,7,1,1,2,3,4,3,2,3,3,2,1,2,3,3,1,0,0,0,0,0,3,2,2,1,3,3,4,2,2,3,2,2,4,1,5
L10,33,7,1,1,2,4,5,4,4,4,3,1,1,1,4,4,1,0,0,0,0,0,2,2,6,3,3,2,5,1,3,2,2,3,5,1,6
L10,34,4,2,2,1,1,2,3,1,1,2,1,4,4,1,1,1,0,0,0,0,0,5,2,6,3,2,3,4,1,1,4,1,2,5,2,2
L10,35,,1,1,2,4,4,5,3,3,1,3,1,1,4,4,1,0,0,0,0,0,5,3,3,3,3,3,5,2,2,3,2,3,5,1,6
L10,36,7,1,1,1,4,5,4,3,3,2,4,1,1,4,3,1,0,0,0,0,0,4,2,2,2,2,1,4,2,3,3,2,1,5,2,7
L10,37,2,2,2,1,2,1,5,4,3,1,1,4,4,1,1,1,0,0,0,0,0,4,1,4,3,2,4,3,4,2,5,1,4,5,1,2
L10,38,1,1,,2,3,4,3,3,4,3,2,,,,,1,0,0,0,0,0,2,,4,2,,,2,2,2,2,1,,4,1,
L10,39,,1,1,2,4,3,3,4,4,3,4,1,1,3,3,1,0,0,0,0,0,4,3,3,,4,4,5,5,5,5,4,4,4,,5
L10,40,9,2,2,1,2,1,5,2,2,1,1,3,4,1,1,1,0,0,0,0,0,5,2,4,3,2,,4,2,2,4,1,3,5,1,2
L10,41,1,,,,4,,2,4,4,1,2,1,1,2,1,0,0,0,0,1,0,3,5,5,3,4,4,5,3,4,3,2,3,4,1,
L10,42,3,2,2,1,2,2,5,2,2,2,1,4,4,1,1,1,0,0,0,0,0,4,2,2,4,1,4,2,2,1,3,1,4,5,2,5
L10,43,9,2,2,1,2,3,4,2,2,2,1,1,2,1,1,1,0,0,0,0,0,5,2,3,4,1,2,3,2,2,4,1,1,5,1,7
L10,44,,1,1,2,4,5,3,4,4,3,4,1,1,4,4,1,0,0,0,0,0,3,2,6,4,2,1,5,2,3,3,2,3,5,2,6
L10,45,,2,2,1,2,1,5,3,1,2,1,4,4,1,1,1,0,0,0,0,0,5,1,1,3,2,2,2,2,2,4,1,2,5,1,2
L10,46,1,3,3,3,4,3,1,4,4,4,3,1,1,2,1,0,0,0,0,0,1,2,5,3,1,4,4,5,5,5,5,4,4,4,,9
L10,47,1,1,1,2,3,3,4,4,4,2,1,1,1,3,3,1,0,0,0,0,0,5,5,2,2,4,3,5,2,3,2,2,2,5,2,6
L10,48,1,1,1,2,4,4,4,3,3,,1,2,2,3,3,1,0,0,0,0,0,5,3,3,2,3,,4,2,2,2,2,2,5,1,6
L10,49,4,1,2,1,4,5,5,4,4,1,2,2,1,4,3,1,0,0,0,0,0,4,4,4,3,2,2,5,2,3,3,1,2,5,2,6
L10,50,1,,,,4,4,1,4,4,2,4,,,,,0,0,0,0,0,0,4,,2,1,4,,4,4,4,4,3,4,4,1,
L10,51,3,2,2,1,2,1,5,1,2,1,1,4,4,1,1,1,0,0,0,0,0,4,1,5,4,1,4,2,4,2,4,1,4,3,1,2
L10,52,1,1,1,2,4,3,2,3,4,2,3,1,2,4,4,,,,,,,,,,,,,,,,,,,,,
L10,53,4,2,2,1,3,4,3,,,2,1,2,2,1,1,1,0,0,0,0,0,4,,4,3,1,1,3,2,2,4,2,2,5,2,5
L10,54,4,2,2,1,2,4,3,2,2,3,1,2,3,1,1,,,,,,,,,,,,,,,,,,,,,
L10,55,7,1,2,2,4,4,3,3,4,2,2,1,1,2,1,1,0,0,0,0,0,4,1,3,2,4,4,5,2,2,5,2,3,5,2,8
L10,56,1,1,1,1,4,5,1,3,4,3,2,1,1,2,2,,,,,,,,,,,,,,,,,,,,,
L10,57,8,2,2,1,1,1,,1,2,1,1,3,4,1,1,1,0,0,0,0,0,1,1,5,3,1,2,3,3,2,4,1,3,2,,2
L10,58,3,2,2,1,1,1,5,1,1,1,1,4,4,1,1,1,0,0,0,0,0,5,1,2,3,2,4,2,4,2,5,1,3,5,2,5
L10,59,1,1,1,2,4,5,3,3,4,3,4,1,2,4,3,1,0,0,0,0,0,4,5,3,3,,2,4,2,2,2,3,2,4,2,6
CG5,1,6,2,1,1,2,4,3,2,2,3,2,2,2,1,1,,,,,,,,,,,,,,,,,,,,,
CG5,2,2,2,2,1,2,2,4,2,3,2,2,3,4,2,1,1,0,0,1,0,0,1,2,1,4,3,3,2,2,2,3,1,2,5,2,2
CG5,3,1,1,,,4,3,5,4,4,3,3,1,1,4,3,1,0,0,0,0,0,2,2,2,3,4,4,3,1,2,1,2,3,3,2,6
CG5,4,8,2,2,1,1,1,5,1,1,1,1,4,4,1,1,1,1,0,0,0,0,2,,5,3,1,1,,,,,1,3,,2,2
CG5,5,8,2,2,1,2,1,3,2,2,1,2,4,4,1,1,,,,,,,,,,,,,,,,,,,,,
CG5,6,,2,2,1,3,1,5,3,4,1,1,4,4,1,1,1,0,0,0,0,0,4,2,1,2,1,1,4,5,4,5,2,4,1,1,2
CG5,7,7,1,,,4,3,4,4,4,2,2,1,1,4,3,1,0,0,0,0,0,2,1,1,2,4,4,4,2,2,5,2,3,3,1,6
CG5,8,1,1,2,2,5,5,4,4,4,3,4,1,1,3,3,1,0,0,0,0,0,3,2,5,3,4,4,5,3,3,3,2,2,5,,6
CG5,9,,1,1,2,4,5,,,,,,1,1,4,4,1,0,0,0,0,0,,,,,,,,,,,,,,,
CG5,10,2,2,2,1,2,2,5,3,4,1,2,4,4,2,1,0,0,0,1,0,0,1,3,1,4,3,4,3,2,1,5,1,2,2,2,2
CG5,11,2,2,2,1,1,1,3,1,2,2,1,4,4,1,1,0,0,0,1,0,0,4,5,4,3,1,2,2,2,2,2,1,2,2,2,5
CG5,12,2,2,2,1,2,2,4,2,2,1,1,4,4,1,1,1,0,0,0,0,0,4,2,2,3,2,3,2,3,2,4,1,3,5,2,2
CG5,13,2,2,2,1,1,3,3,2,2,2,1,2,2,2,1,0,1,0,0,0,0,4,3,4,2,1,2,1,1,1,4,1,1,5,1,2
CG5,14,,2,2,1,1,3,3,2,2,2,1,4,4,1,1,0,1,0,0,0,0,4,4,3,4,2,4,4,,,,1,4,5,2,
CG5,15,2,2,2,1,2,1,5,2,2,1,1,4,3,1,1,1,0,0,0,0,0,1,2,1,2,2,4,2,3,1,4,1,2,1,1,2
CG5,16,8,2,2,1,2,1,5,2,1,2,1,4,4,1,1,1,0,0,0,0,0,5,5,5,3,1,2,2,2,2,2,1,3,5,2,2
CG5,17,2,2,,1,2,2,3,3,2,2,3,4,4,1,1,1,0,0,0,0,0,4,1,1,2,1,1,3,4,1,5,3,2,5,2,2
CG5,18,,1,1,2,4,3,3,3,4,2,4,1,1,2,1,1,0,0,0,0,0,5,1,3,3,4,4,5,2,2,4,2,3,5,1,9
CG5,19,1,1,1,2,4,4,5,2,4,2,3,3,1,2,4,4,,,,,,,,,,,,,,,,,,,,
CG5,20,8,2,2,1,2,4,3,2,2,2,1,2,3,1,1,1,0,0,0,0,0,4,1,5,2,2,3,3,2,2,3,1,4,5,1,2
CG5,21,1,1,1,2,4,4,3,3,4,2,2,1,2,4,3,1,0,0,0,0,0,4,2,4,2,,,4,2,2,2,2,3,5,1,6
CG5,22,,1,1,2,4,3,5,4,4,2,2,1,1,4,4,1,0,0,0,0,0,1,2,3,3,4,4,4,2,3,1,3,4,5,2,6
CG5,23,,3,2,1,3,2,1,3,3,1,2,2,2,1,2,1,0,0,0,0,0,4,1,3,1,3,3,3,2,2,4,2,3,5,2,9
CG5,24,1,2,2,1,2,4,1,2,2,2,1,3,3,2,1,1,0,0,0,0,0,4,4,6,2,2,2,2,2,2,2,1,3,3,2,2
CG5,25,1,,,,,,1,,,,1,,,,,0,0,0,0,1,0,2,4,1,2,,,,,,,,,,2,
CG5,26,1,1,2,2,4,4,3,3,4,3,3,1,1,4,2,1,0,0,0,0,0,3,2,4,2,2,5,5,2,2,2,2,2,5,2,8
CG5,27,4,2,,,2,2,3,2,2,2,2,2,2,1,1,1,0,0,0,0,0,4,1,2,2,3,3,3,2,2,4,1,2,5,1,2
CG5,28,2,2,2,1,2,2,3,2,3,1,2,2,3,3,1,1,0,0,0,0,0,1,1,1,2,3,4,5,3,2,5,2,2,3,1,9
CG5,29,,3,2,1,4,3,2,4,4,1,1,2,2,2,1,0,1,0,0,0,0,2,3,3,2,4,4,3,4,4,3,1,3,3,2,5
CG5,30,,2,2,1,2,2,1,3,3,1,1,3,3,1,1,,,,,,,,,,,,,,,,,,,,,
CG5,31,7,2,2,1,3,1,5,3,3,2,1,4,4,1,1,0,0,0,0,1,0,3,1,4,3,,,4,4,4,4,1,3,5,1,2
CG5,32,1,2,2,1,2,2,3,3,3,1,1,3,3,1,1,1,0,0,0,0,0,3,1,3,3,2,4,2,2,2,4,2,3,5,1,2
CG5,33,2,2,2,1,2,1,3,3,3,1,1,3,4,1,1,0,0,0,1,0,0,4,4,2,3,2,1,3,2,3,3,,,,,
CG5,34,8,2,2,1,2,2,3,2,1,2,1,2,3,1,1,1,0,0,0,0,0,5,3,2,4,1,3,2,2,2,3,1,3,5,2,3
CG5,35,1,1,2,2,3,4,3,4,2,3,2,1,1,4,3,0,0,0,1,0,0,3,4,1,2,4,4,4,3,4,3,2,2,3,1,6
CG5,36,7,1,1,2,4,5,5,3,4,3,4,1,1,4,4,1,0,0,0,0,0,1,2,6,3,2,1,5,2,5,3,2,2,3,2,6
CG5,37,3,2,2,1,2,3,4,1,1,1,2,3,3,1,1,0,0,0,1,0,0,4,1,3,3,1,2,2,2,2,3,1,2,5,2,2
CG5,38,2,2,3,1,2,1,2,1,1,2,1,1,1,,,0,1,0,0,0,0,1,,,,,,,,,,,,2,1,2
CG5,39,3,2,2,1,4,3,3,3,3,2,2,3,3,2,2,0,1,0,0,0,0,5,2,2,2,3,3,5,5,2,3,1,2,3,2,2
CG5,40,2,1,1,2,4,4,3,3,4,3,4,1,1,4,4,1,0,0,0,0,0,4,3,2,3,4,4,4,1,2,3,1,2,5,1,6
CG5,41,1,,,,1,1,3,2,2,1,1,,,,,0,0,0,0,1,0,3,4,3,2,,,,,,,,,,,
CG5,42,1,,2,1,3,4,4,3,3,2,1,1,3,3,3,1,0,0,0,0,0,4,3,2,2,3,3,4,2,2,2,2,3,4,1,6
CG5,43,8,2,2,1,2,2,3,2,1,1,1,3,3,2,1,1,0,0,0,0,0,5,2,3,2,1,4,2,4,2,4,1,3,3,1,2
CG5,44,1,2,2,1,1,1,1,1,,,,,,,,,,,,,,,,,,,,,,,,,,,,
CG5,45,9,1,1,2,4,3,1,3,4,2,4,1,1,3,3,1,0,0,0,0,0,2,1,2,4,4,4,5,3,3,5,1,4,5,2,9
CG5,46,1,1,1,2,4,5,5,4,4,3,2,1,1,4,3,0,0,0,1,0,0,2,5,2,3,4,4,5,5,5,4,3,2,3,2,6
CG5,47,8,2,2,1,2,1,3,1,1,1,1,4,4,1,1,1,0,0,0,0,0,4,5,6,4,1,3,2,2,1,3,1,3,4,1,2
CG5,48,,2,2,1,1,1,4,,,,1,4,4,1,1,0,1,0,0,0,0,2,4,2,3,2,,,,,,2,1,4,1,2
CG5,49,3,1,1,2,4,5,3,3,4,4,3,1,1,2,2,1,0,0,0,0,0,4,4,3,4,,,4,2,3,2,3,4,5,1,
CG5,50,1,1,1,2,4,4,5,4,3,2,2,1,1,3,4,1,0,0,0,0,0,2,1,1,2,4,3,3,1,1,5,3,3,2,2,6
CG5,51,,1,1,2,4,5,5,4,4,3,4,1,1,4,4,1,0,0,0,0,0,2,2,3,3,4,3,5,2,4,2,2,2,3,2,6
CG5,52,1,2,2,1,2,2,5,2,3,1,1,4,4,1,1,1,0,0,0,0,0,2,1,1,2,2,4,2,4,2,2,1,3,1,2,3
CG5,53,1,2,2,1,2,1,3,2,2,1,3,4,,,,1,,,,,,1,2,5,2,2,2,,,,,1,2,3,,2
CG5,54,1,1,1,2,4,3,3,4,4,2,4,1,1,4,4,1,0,0,0,0,0,2,2,4,3,2,4,5,1,,4,2,4,4,,6
CG5,55,,1,1,1,3,2,3,3,3,2,3,2,1,2,2,,,,,,,,,,,,,,,,,,,,,
CG5,56,3,2,2,1,2,1,3,2,1,2,1,4,4,1,1,1,,,,,,4,,,2,2,3,3,4,2,4,2,3,5,2,2
CG5,57,2,1,2,1,2,3,5,4,3,1,3,2,1,4,4,1,0,0,0,0,0,3,2,6,2,1,1,,,,,1,2,3,2,6
CG5,58,9,2,2,1,3,2,5,,,1,2,2,2,1,1,1,0,0,0,0,0,4,1,2,1,1,4,4,3,3,4,1,3,4,2,3
CG4,1,3,2,2,1,2,1,4,2,2,1,1,4,4,2,1,1,0,0,0,0,0,2,2,1,3,2,4,2,4,1,4,1,2,1,2,2
CG4,2,,2,2,1,2,2,4,3,3,2,1,4,4,1,1,1,0,0,0,0,0,3,2,1,2,2,3,3,3,2,5,1,2,5,1,
CG4,3,1,,,,4,4,1,2,4,2,2,,,,,1,0,0,0,0,0,2,1,1,1,4,4,5,5,2,5,3,3,4,2,
CG4,4,2,1,1,2,4,4,5,4,4,,2,1,1,4,3,0,0,0,0,5,0,3,5,2,3,4,3,3,3,3,3,2,3,2,1,6
CG4,5,,2,2,1,2,2,5,2,3,1,1,3,4,1,1,1,0,0,0,0,0,3,1,1,2,2.5,4,4,4,2,5,2,3,5,1,2
CG4,6,,2,,2,1,3,2,2,3,2,2,2,2,3,3,1,0,0,0,0,0,4,1,3,2,3,3,3,2,2,3,1,2,5,1,2
CG4,7,,2,2,1,1,2,5,2,2,2,1,4,4,1,1,0,0,3,0,0,0,1,2,4,4,,,2,2,2,3,1,1,5,1,2
CG4,8,7,1,1,1,3,3,2,3,4,2,3,1,1,4,2,1,0,0,0,0,0,4,2,6,3,1,1,4,2,4,4,2,4,,1,2
CG4,9,1,2,2,1,3,2,2,2,3,2,3,3,3,3,1,1,0,0,0,0,0,3,2,4,3,3,3,4,3,3,3,2,3,5,2,9
CG4,10,,1,1,2,4,5,5,4,4,4,4,1,1,4,4,1,0,0,0,1,0,1,,1,,,,,,,,2,,,,
CG4,11,3,2,2,1,3,2,3,3,3,2,1,3,4,1,1,1,1,0,0,0,0,2,1,2,3,3,2,3,4,2,4,1,2,3,1,3
CG4,12,1,1,1,2,4,4,5,4,4,3,4,1,1,4,4,0,0,0,0,5,0,1,4,4,2,2,,5,2,2,2,2,4,4,,6
CG4,13,,2,2,1,1,2,5,2,2,1,1,4,4,1,1,1,0,0,0,0,0,3,2,6,4,1,3,3,2,1,3,1,3,3,1,2
CG4,14,3,2,2,1,2,3,3,2,1,1,1,3,3,1,1,0,0,3,0,0,0,1,1,3,4,2,4,1,4,1,3,1,1,4,2,3
CG4,15,6,1,1,2,4,3,2,3,3,3,3,1,1,4,4,,,,,,,,,,,,,,,,,,,,,
CG4,16,1,2,2,1,3,2,4,3,3,3,1,3,2,1,1,0,0,0,1,0,0,4,5,1,4,3,4,3,5,2,2,1,1,4,2,3
CG4,17,2,2,2,1,2,1,5,2,2,1,1,3,4,1,1,,,,,,,,,,,,,,,,,,,,,
CG4,18,1,1,2,2,3,4,1,4,3,2,2,2,3,3,3,1,1,0,0,0,0,3,3,2,2,3,3,4,1,3,3,1,2,4,1,3
CG4,19,3,2,2,1,2,1,3,2,2,1,1,4,4,1,1,0,0,0,4,0,0,4,2,1,4,2,,3,4,2,4,1,3,2,1,2
CG4,20,,2,2,,3,2,5,,,1,2,3,,2,1,1,0,0,0,0,0,4,1,3,1,,,3,2,2,4,1,3,4,1,
CG4,21,,2,2,,2,2,2,2,1,1,2,3,4,1,2,1,0,0,0,0,0,1,1,1,2,1,2,2,2,2,4,1,2,,1,2
CG4,22,8,2,2,1,2,2,3,2,2,1,2,3,3,1,1,1,0,0,0,0,0,5,2,3,2,2,2,4,2,2,3,1,1,5,2,2
CG4,23,3,2,2,1,2,1,5,2,2,2,1,4,4,1,1,1,0,0,0,0,0,5,2,3,3,,,2,2,2,3,1,2,5,1,3
CG4,24,,2,,,3,3,2.5,,3,1,4,3,4,3,1,1,0,0,0,0,0,1.5,1,1,3,1,1,4,3,2,4,2,,,2,
CG4,25,1,2,2,1,3,2,4,3,3,2,2,2,2,1,1,1,0,0,0,0,0,4,3,4,2,4,4,4,2,2,4,1,3,5,1,5
CG4,26,,1,2,1,4,4,4,3,3,1,3,1,1,3,3,1,0,0,0,0,0,4,2,3,2,3,3,4,1,2,3,1,3,5,1,
CG4,27,7,2,2,,1,2,5,2,1,2,1,4,3,1,1,1,0,0,0,0,0,2.5,4,5,3,2,2,3,2,2,2,1,2,2,,2
CG4,28,,2,2,1,3,2,3,3,3,2,1,4,4,2,1,0,0,0,0,5,0,1,3,1,3,2,4,,,,,1,2,3,1,2
CG4,29,1,1,1,2,4,4,5,3,4,,,1,1,3,3,1,0,0,0,0,0,3,4,5,3,2,1,2,2,2,2,1,1,2,1,6
CG4,30,,2,2,1,2,2,1,3,3,2,2,1,2,1,2,1,0,0,0,0,0,1,1,6,1,2,2,4,2,2,3,2,2,2,2,2
CG4,31,1,1,1,2,4,4,3,4,4,3,4,1,1,4,3,0,0,0,0,0,1,4,2,4,4,4,2,5,1,2,2,3,2,4,3,6
CG4,32,,1,1,2,4,4,1,3,4,1,4,1,1,3,1,1,0,0,0,0,0,2,1,1,2,4,4,4,2,2,5,1,3,3,2,5
CG4,33,9,1,1,2,4,4,3,3,4,2.5,3,2,1.5,2,2,1,0,0,1,0,0,4,5,6,2,2,2,4,1,1,1,2,3,2,1,6
CG4,34,,2,2,1,2,2,3,3,3,,1,4,4,1,1,0,0,0,0,1,0,4,3,1,3,2,4,2,4,1,4,2,2,2,1,
CG4,35,,2,2,1,2,2,3,3,2,2,1,4,4,1,1,1,0,0,0,0,0,2,3,2,2,3,3,,,,,1,2,4,1,
CG4,36,1,2,2,1,2,2,3,2,2,1,1,4,4,2,1,1,0,0,0,0,0,4,2,5,3,1,2,2,2,2,3,1,3,5,,2
CG4,37,7,1,1,2,4,5,5,4,4,3,4,1,1,4,4,1,0,0,0,0,0,5,5,6,4,4,3,5,1,3,2,3,4,5,2,6
CG4,38,1,2,2,1,1,2,5,2,3,1,1,3,4,3,1,1,0,0,0,0,0,2,1,1,4,1,3,2,3,1,4,1,3,5,2,2
CG4,39,1,2,2,1,1,1,3,2,2,1,1,4,4,1,1,1,0,0,0,0,0,1,2,5,3,2,3,3,1,1,1,1,1,3,1,2
CG4,40,8,2,2,1,2,1,5,2,2,2,1,4,4,1,1,1,0,0,0,0,0,5,5,5,2,2,2,3,2,2,1,1,2,3,1,2
CG4,41,3,1,1,2,4,4,4,4,4,4,4,1,1,4,3,1,0,0,0,1,0,3,5,6,3,4,1,5,3,4,2,2,4,,2,6
CG4,42,,2,2,1,3,2,3,3,2,1,1,4,4,1,1,1,0,0,0,0,0,5,2,1,2,,4,,,,,1,3,3,1,2
CG4,43,7,1,1,2,4,5,5,3,3,3,4,4,4,4,4,,,,,,,,,,,,,,,,,,,,,
CG4,44,1,,2,,4,3,2,4,4,3,,1,,,1,1,0,0,0,0,0,4,5,4,3,,,5,2,2,2,2,,5,1,
CG4,45,4,2,2,1,2,2,5,2,2,3,1,3,3,1,1,,,,,,,,,,,,,,,,,,,,,
CG4,46,7,1,1,2,4,5,5,3,3,3,4,,,1,4,,,,,,,,,,,,,,,,,,,,,
CG4,47,,2,2,2,4,3,2,3,2,2,3,2,2,2,1,1,0,0,0,0,0,3,2,3,2,2,2,4,3,2,4,1,3,5,1,9
CG4,48,1,3,2,2,1,2,1,2,3,2,3,2,2,3,1,1,0,0,0,0,0,4,1,2,1,2,2,4,3,2,4,2,3,4,1,2
CG4,49,,2,2,1,2,1,3,2,2,1,1,4,4,1,1,1,0,0,0,0,0,1,2,1,2,,,,,,,1,1,,1,2
CG4,50,5,2,,,2,5,5,2,2,2,2,3,3,2,2,,,,,,,,,,,,,,,,,,,,,
CG4,51,2,2,2,1,2,1,3,2,1,1,1,4,4,1,1,1,0,0,0,0,0,5,3,3,3,3,3,2,2,2,3,1,2,2,1,2
CG4,52,7,1,1,2,4,2,5,4,4,2,2,1,1,4,4,1,0,0,0,0,0,2,1,4,3,4,2,5,2,3,2,2,4,3,1,6
CG4,53,3,2,2,1,2,2,3,2,,1,1,2,2,1,1,1,0,0,0,0,0,2,4,6,2,1,2,2,,2,1,1,3,2,,
CG4,54,8,2,2,1,1,2,5,1,1,1,2,4,4,1,1,1,0,0,0,0,0,3,3,4,3,1,2,3,2,1,5,1,1,5,2,2
CG4,55,8,2,2,1,2,1,5,2,2,1,1,4,4,1,1,1,0,0,0,0,0,4,3,3,2,1,2,2,2,1,2,1,2,4,2,2
CG4,56,1,3,3,3,,,5,4,4,1,2,,,1,1,0,0,0,0,1,0,4,5,2,,,,,,,,2,,,1,
CG4,57,6,1,2,1,4,5,3,4,4,3,4,1,1,4,4,1,0,0,0,0,0,1,1,5,1,3,2,4,4,4,4,2,3,3,,6
CG4,58,1,1,1,2,3,4,2,3,4,2,3,1,2,3,3,1,0,0,0,0,0,1,1,1,2,2,4,3,3,2,4,2,2,2,2,9
NF2,1,1,1,1,2,4,5,3,4,4,3,3,1,1,5,5,1,0,0,0,0,0,3,3,2,3,4,4,4,4,4,4,2,3,5,1,6
NF2,2,3,2,2,1,1,1,3,1,1,1,1,4,4,1,1,1,0,0,0,0,0,5,5,5,4,1,4,2,2,1,4,1,4,2,1,2
NF2,3,3,2,2,1,1,1,3,2,1,1,1,4,4,1,1,1,0,0,0,0,0,5,1,5,3,2,2,1,1,1,1,1,1,2,1,2
NF2,4,1,1,1,,4,5,3,3,4,3,4,1,1,4,4,1,0,0,0,0,0,2,2,6,4,4,2,5,2,2,3,4,4,3,1,6
NF2,5,3,2,2,1,2,2,3,3,3,1,4,4,4,1,1,1,0,0,0,0,0,2,1,5,4,2,1,2,2,2,4,1,2,1,1,2
NF2,6,7,3,2,1,4,2,2,4,4,3,1,1,1,1,1,1,0,0,0,0,0,4,4,4,3,3,3,4,1,3,4,1,3,3,,9
NF2,7,3,2,2,1,2,2,3,2,3,1,1,3,4,3,1,1,0,0,0,0,0,4,3,1,1,2,3,1,2,1,3,2,3,2,1,1
NF2,8,3,2,2,1,2,2,5,3,2,1,2,3,4,2,1,1,0,0,0,0,0,4,2,1,2,4,4,4,2,2,2,1,2,2,1,2
NF2,9,,2,2,1,1,1,4,2,2,1,1,3,4,1,1,1,0,0,0,0,0,5,2,6,2,1,3,1,2,1,5,1,3,5,1,2
NF2,10,,2,2,1,2,,3,,,3,3,3,3,1,1,1,0,0,0,0,0,2,2,2,1,3,3,4,4,2,4,1,3,5,1,
NF2,11,8,2,2,1,2,1,5,1,2,1,1,4,4,1,1,1,0,0,0,0,0,3,1,5,4,1,4,2,2,1,3,1,3,4,1,2
FP4,1,1,1,1,2,4,4,1,3,3,2,3,2,1,2,1,1,0,0,0,0,0,5,4,3,3,2,2,4,2,2,2,1,3,5,2,7
FP4,2,3,2,2,1,2,2,3,2,2,1,2,4,4,1,1,1,0,0,0,0,0,3,3,1,3,1,4,2,4,2,5,1,3,3,1,2
FP4,3,1,3,1,3,3,3,1,2,3,2,2,2,2,2,2,1,0,0,0,0,0,5,2,3,2,4,4,4,2,3,3,2,2,5,1,5
FP4,4,1,1,1,2,4,4,3,3,4,,3,1,2,3,3,1,0,0,0,0,0,4,2,3,4,4,2,5,2,3,3,3,3,4,1,8
FP4,5,3,2,2,1,2,2,3,2,2,1,1,2,1,1,1,1,0,0,0,0,0,5,1,5,2,2,2,3,3,1,3,1,1,5,1,2
FP4,6,1,2,2,1,2,2,3,3,3,1,3,3,4,1,1,1,0,0,0,0,0,5,1,2,2,4,4,4,2,2,4,1,3,2,1,2
FP4,7,8,2,1,2,2,3,5,2,2,1,1,4,4,2,1,0,1,0,0,0,0,4,4,,2,2,2,4,4,2,3,2,2,4,2,2
FP4,8,1,1,1,2,2,4,3,4,4,1,2,2,2,4,4,1,0,0,0,0,0,2,2,2,3,,2,4,2,2,3,1,,3,1,6
FP4,9,7,2,2,1,1,1,1,1,1,4,4,3,,2,,,,,,,,,,,,,,,,,,,,,,
FP4,10,,2,2,1,1,1,5,3,1,1,1,4,4,1,1,1,0,0,0,0,0,1,2,1,2,2,4,1,3,1,2,2,4,2,1,3
FP4,11,,2,2,1,4,2,5,3,4,1,1,3,2,1,1,0,0,0,1,0,0,2,2,1,2,,4,2,4,1,3,1,3,5,1,3
FP4,12,3,2,2,1,1,2,5,2,2,2,1,4,4,1,1,1,0,0,0,0,0,4,1,4,2,2,3,2,2,2,3,1,1,5,1,2
FP4,13,1,,2,1,4,3,1,1,3,2,1,,4,2,,1,0,0,0,0,0,5,2,3,2,2,2,4,4,4,4,2,3,5,1,
FP4,14,3,2,2,1,2,2,4,2,1,1,2,4,3,1,1,1,0,0,0,0,0,4,1,2,3,2,4,3,5,2,4,1,4,5,3,2
FP4,15,1,2,2,1,2,2,3,2,3,2,2,3,4,3,1,1,0,0,0,0,0,5,4,3,2,,,3,2,3,3,1,1,4,1,2
FP4,16,9,3,2,3,3,1,2,1,1,2,1,1,1,1,1,1,0,1,0,0,0,1,2,2,3,2,4,3,4,2,5,2,4,3,3,3
FP4,17,3,2,2,1,2,2,5,2,2,1,1,4,4,1,1,1,0,0,0,0,0,4,2,3,3,2,3,4,2,2,5,1,3,5,1,2
FP4,18,7,1,1,2,4,4,4,3,3,3,2,1,2,4,4,1,0,0,0,0,0,3,4,3,4,4,2,4,2,4,2,3,3,5,2,6
FP4,19,7,1,1,2,4,4,4,2,4,3,4,1,1,4,2,1,0,0,0,0,0,2,2,1,2,4,3,4,2,2,2,2,2,2,2,5
FP4,20,1,1,2,2,4,4,5,2,3,2,2,,,,,1,0,0,0,0,0,4,1,2,1,2,2,3,2,2,3,1,2,5,1,6
FP4,21,8,2,2,1,2,2,1,2,2,1,2,3,3,3,1,1,0,0,0,0,0,4,2,1,2,2,4,3,3,2,4,1,3,4,2,3
FP4,22,2,2,2,1,3,2,3,3,2,1,1,3,3,1,1,1,0,0,0,0,0,4,2,1,2,2,4,4,2,2,3,1,3,2,1,5
FP4,23,3,2,2,1,1,1,5,1,1,1,1,4,4,1,1,1,0,0,0,0,0,4,2,6,4,1,2,2,1,1,3,1,1,4,2,2
FP4,24,1,1,1,2,4,4,5,3,4,2,3,1,1,2,2,1,0,0,0,0,0,5,2,6,2,4,4,4,2,2,2,1,2,3,,7
FP4,25,1,1,1,2,4,3,2,3,2,3,2,1,1,5,5,1,0,0,0,0,0,2,2,1,3,4,4,4,3,3,3,2,1,5,2,9
FP4,26,1,3,2,1,4,3,1,2,3,2,3,1,2,1,1,1,0,0,0,0,0,4,2,4,2,3,3,5,4,3,4,1,4,5,,7
FP4,27,1,1,2,2,4,4,5,4,4,3,3,1,1,5,5,1,0,0,0,0,0,2,1,1,5,4,4,4,2,2,5,2,2,5,1,6
FP4,28,2,1,2,1,4,5,3,4,4,1,3,1,1,4,4,1,0,0,0,0,0,1,2,3,2,2,2,3,2,3,3,1,2,5,2,6
FP4,29,9,2,1,1,4,4,3,3,3,3,1,,,,,,,,,,,,,,,,,,,,,,,,,
FP4,30,8,2,2,1,2,2,3,3,3,2,1,3,3,1,2,1,0,0,0,0,0,4,3,2,4,3,4,3,3,2,3,2,3,5,2,3